codsegorigen,codsegproposito,n_viajes,cumsum_viajes
121125,117116.0,1913.0007364,0.003897120339682889
115104,106104.0,1733.3724456,0.00742830612830203
112207,101204.0,1540.82803,0.010567244938627162
120232,122225.0,1495.0509422,0.013612927736781303
121130,121037.0,1359.918083,0.01638332103602032
118208,123205.0,1338.233576,0.01910953916497439
118103,118208.0,1338.233576,0.021835757293928462
110110,106104.0,1310.928551,0.02450635026483722
199021,123206.0,1280.1701714,0.027114282984511358
123101,101205.0,1251.4536669,0.029663715113128663
109048,109004.0,1233.7487353000001,0.03217707916935155
113025,112002.0,1216.288863,0.034654874382252066
114125,103201.0,1200.8176116,0.03710115192379781
114125,108008.0,1173.7290167,0.03949224521363391
113024,108008.0,1162.320833,0.04186009801856577
110110,106203.0,1140.9952902,0.04418450692668187
110110,110012.0,1140.9952902,0.04650891583479796
118113,102004.0,1122.1608879,0.04879495573923701
110225,124005.0,1121.8946154999999,0.05108045319977305
118315,121128.0,1121.806878,0.053365771923526976
121142,121230.0,1120.3878172,0.05564819976982241
115110,106102.0,1117.3288432,0.05792439594585911
304238,118124.0,1110.166667,0.060186001504122226
304238,125001.0,1110.166667,0.062447607062385335
118315,118215.0,1072.031114,0.0646315237643749
102001,102202.0,1050.0906646,0.06677074389621081
337486,337186.0,1014.6325299,0.06883772954568752
337126,337030.0,1014.4439209000001,0.07090433096532253
115106,101003.0,1014.1341052,0.07297030123566257
112011,124107.0,1009.926636,0.07502770014819501
112011,111097.0,1009.926636,0.07708509906072744
118103,123205.0,990.6229656,0.0791031729875895
118315,337232.0,982.7271707,0.08110516178582756
118315,119206.0,982.7271707,0.08310715058406563
124211,103003.0,982.67345,0.08510902994375064
122120,122027.0,979.3836484,0.0871042073965911
118216,101003.0,965.8836168,0.08907188290093061
115104,106304.0,965.2088659,0.09103818381852452
116042,116045.0,959.5375,0.09299293116220593
116042,116043.0,959.5375,0.09494767850588733
121125,114211.0,956.5003682,0.09689623867572877
111114,102003.0,954.8560026,0.09884144898244487
112112,199007.0,941.6028036,0.10075966018225734
115104,107009.0,923.5482526,0.10264109107321413
115104,109051.0,923.5482526,0.10452252196417092
111230,104103.0,913.6422425,0.10638377256313343
123202,115104.0,905.7252108,0.10822889477035992
121047,118227.0,892.5114412,0.11004709819533388
121047,109044.0,892.5114412,0.11186530162030785
124211,105101.0,879.2865579,0.1136565636224597
124211,124209.0,869.3258065,0.11542753381492177
110066,102003.0,869.2631499,0.11719837636482434
119104,112228.0,858.851231,0.11894800799716258
112112,119212.0,857.1826602,0.1206942404561084
304138,304053.0,855.7496151,0.12243755354910696
110071,110064.0,852.5128487,0.1241742727773295
110071,102102.0,852.5128487,0.12591099200555203
110071,104203.0,852.5128487,0.12764771123377458
120048,114024.0,838.5822396,0.12935605135108788
119204,120048.0,838.5822396,0.13106439146840115
337238,124005.0,830.6593338,0.13275659122739936
101204,114004.0,826.2316183,0.13443977094798087
101204,123212.0,826.2316183,0.1361229506685624
101204,115312.0,826.2316183,0.13780613038914394
101204,117319.0,826.2316183,0.13948931010972546
115104,102004.0,823.9024531,0.14116774490945952
115104,101205.0,823.9024531,0.14284617970919358
105104,108009.0,820.8565391,0.14451840944419533
101003,109021.0,819.7282984,0.1461883407536417
121045,108004.0,816.4872709,0.14785166951769882
113024,106104.0,816.4872709,0.14951499828175593
118207,107303.0,811.4806759,0.1511681277276237
105206,337526.0,807.5376343,0.15281322450140344
105206,106103.0,807.5376343,0.1544583212751832
112014,112026.0,802.1363522,0.15609241468344837
112112,101002.0,799.1923052,0.15772051054805014
112015,108009.0,796.5779114,0.1593432804307743
109255,107009.0,796.1884472,0.1609652569061429
317745,317147.0,787.5833517,0.1625697032823015
117319,105201.0,787.5264241,0.16417403368688535
122219,122029.0,787.5264241,0.1657783640914692
114024,112001.0,785.4984944,0.16737856324511788
112001,108211.0,785.4984944,0.16897876239876652
105203,118103.0,784.434262,0.17057679352307087
105203,103204.0,784.434262,0.1721748246473752
317282,337238.0,782.999434,0.17376993277365013
110066,110057.0,778.0447211,0.17535494727473588
110066,124005.0,778.0447211,0.17693996177582164
121125,110064.0,771.1916044,0.1785110152679158
107205,110056.0,770.2173485,0.18008008402868617
106304,110054.0,770.2173485,0.18164915278945654
116007,123211.0,769.0207162,0.1832157837989042
118218,124102.0,768.2147133,0.18478077283810293
115104,107204.0,768.1635797,0.18634565770912817
110006,118031.0,767.6187839,0.18790943273489683
110006,119016.0,767.6187839,0.18947320776066548
115104,112018.0,767.1931491,0.19103611569317858
117224,120040.0,766.6490415,0.19259791518242003
111010,111206.0,766.5714286,0.1941595565604776
111010,199006.0,766.5714286,0.19572119793853518
114018,103003.0,765.3938795,0.1972804404411186
114024,108008.0,765.3938795,0.198839682943702
108314,120040.0,750.589344,0.20036876599296224
108314,115306.0,750.589344,0.20189784904222252
110202,124225.0,747.9717951,0.20342159968210927
120232,105203.0,747.5254711,0.20494444108118634
106204,112127.0,737.9052181,0.2064476843259471
124110,123212.0,734.7385409,0.20794447649001013
124110,107106.0,734.7385409,0.20944126865407314
111015,118227.0,734.4866086,0.21093754758754935
117319,108114.0,734.2484717,0.2124333413941048
116042,102004.0,733.5587225,0.21392773005972882
102004,103104.0,733.5587225,0.21542211872535286
113021,116136.0,732.8833048,0.21691513144584187
105203,112002.0,731.3655014,0.21840505213275807
105203,105201.0,731.3655014,0.2198949728196743
120130,120008.0,729.8837809,0.22138187498025727
120130,199007.0,729.8837809,0.22286877714084027
112015,119206.0,729.650257,0.2243552035719982
109255,102202.0,728.3721895,0.22583902635394945
110071,110066.0,724.8420563,0.22731565763114392
110066,118119.0,723.9263543,0.22879042346164966
116005,124027.0,721.0252995,0.2302592793311959
116005,118111.0,721.0252995,0.23172813520074212
110043,104001.0,719.3927817,0.23319366534322392
122021,117241.0,715.9331128,0.23465214752917224
116042,116028.0,715.6876286,0.23611012962045214
121246,116030.0,715.260569,0.23756724171590732
121045,120130.0,711.202609,0.23901608703019886
121229,120036.0,710.3071758,0.24046310818892677
121229,125001.0,710.3071758,0.2419101293476547
111230,113236.0,710.3071758,0.24335715050638262
121229,112106.0,709.4098359,0.2448023436252623
118213,101003.0,708.8413791,0.24624637869724977
108003,116029.0,704.3351016,0.2476812336861524
120035,337425.0,703.4453063,0.2491142760048894
108003,124005.0,702.5566351,0.2505455079434509
118120,118125.0,701.9700843,0.2519755449744468
110235,123205.0,701.9700843,0.2534055820054427
118223,102001.0,701.9700843,0.25483561903643864
123205,111019.0,701.9700843,0.25626565606743457
118320,120009.0,701.9700843,0.2576956930984305
118320,102004.0,701.9700843,0.25912573012942636
110045,124005.0,701.5276566,0.2605548658570638
110045,101105.0,701.5276566,0.2619840015847012
107205,117341.0,701.0832768,0.2634122320322077
105106,118320.0,701.0832768,0.26484046247971416
118120,106102.0,701.0832768,0.26626869292722066
110045,119201.0,700.641408,0.2676960232099467
115106,316209.0,700.1778104,0.26912240906248924
121016,121244.0,697.2748995,0.2705428811728688
121016,199105.0,697.2748995,0.27196335328324833
107206,121225.0,697.2748995,0.2733838253936279
123205,107206.0,697.2748995,0.2748042975040074
121125,109027.0,687.9842531,0.276205842926924
115002,110070.0,686.4146887,0.27760419086996974
115002,123205.0,686.4146887,0.27900253881301545
115002,316209.0,686.4146887,0.2804008867560611
120121,120034.0,686.0475918,0.2817984868578915
110110,114006.0,685.8983127,0.2831957828518322
110110,123205.0,685.8983127,0.28459307884577295
111129,115305.0,685.6631271,0.28598989572511224
114024,118101.0,682.8120709,0.28738090449947007
114024,109022.0,682.8120709,0.2887719132738279
116042,123211.0,682.3056154,0.29016189030889117
121128,116005.0,678.2382449,0.2915435813919405
118205,102102.0,676.2338966,0.2929211892635309
118205,108314.0,676.2338966,0.29429879713512125
110042,118320.0,675.9766756,0.2956758810021089
110042,105201.0,675.9766756,0.29705296486909655
118207,101105.0,675.8048439,0.29842969868456554
110129,115106.0,675.2825106,0.29980536841485733
110129,118111.0,675.2825106,0.30118103814514907
110129,112228.0,675.2825106,0.30255670787544087
124111,118205.0,674.6735796,0.30393113710574726
120020,119101.0,673.0830045,0.3053023260536763
120020,121034.0,673.0830045,0.30667351500160533
108003,112026.0,673.0830045,0.30804470394953437
120020,110226.0,673.0830045,0.3094158928974634
118129,102001.0,673.0830045,0.31078708184539244
108003,118129.0,673.0830045,0.3121582707933214
101105,101002.0,672.3213948,0.31352790820778986
110045,118106.0,670.724225,0.31489429190531243
101204,106104.0,670.4780378,0.3162601740760314
101204,114024.0,670.4780378,0.3176260562467504
113022,112005.0,669.1883306,0.3189893110561382
109023,109020.0,669.0467534,0.3203522774477668
109022,124211.0,669.0467534,0.3217152438393954
109022,114211.0,669.0467534,0.323078210231024
120039,118315.0,669.0467534,0.3244411766226526
105203,105101.0,666.6365197,0.32579923294258234
121229,124126.0,662.2532811,0.3271483598313955
120035,110012.0,655.8556327,0.3284844535805807
110110,110223.0,655.4642755,0.3298197500660351
110110,124216.0,655.4642755,0.33115504655148953
110110,104001.0,655.4642755,0.3324903430369439
110110,118208.0,655.4642755,0.3338256395223983
113024,120015.0,651.4480994,0.3351527543478725
113024,113240.0,651.4480994,0.3364798691733467
120232,111010.0,650.6251169,0.3378053074381281
120232,107104.0,650.6251169,0.33913074570290946
120232,120230.0,650.6251169,0.34045618396769084
123101,124126.0,648.0287826,0.3417763330409855
123101,102004.0,648.0287826,0.3430964821142801
118203,118031.0,647.8645566,0.3444162966302101
115013,124004.0,647.2101198,0.3457347779428037
123101,102003.0,647.2101198,0.3470532592553973
123101,115105.0,647.2101198,0.3483717405679909
110066,337343.0,646.6355674,0.34968905141587864
110066,110071.0,646.6355674,0.3510063622637663
118213,110226.0,646.6355674,0.352323673111654
116005,102001.0,644.0442469,0.35363570498205105
124119,118130.0,642.6596704,0.35494491622559865
124119,123004.0,642.6596704,0.35625412746914625
122026,108013.0,641.86868,0.3575617273255587
110040,115001.0,641.86868,0.35886932718197107
112112,104103.0,641.8477904,0.3601768844825791
115312,124217.0,641.8477904,0.36148444178318717
115002,115104.0,641.5136247,0.36279131832924993
115002,102202.0,641.5136247,0.36409819487531275
115002,118031.0,641.5136247,0.36540507142137557
111209,117214.0,640.9113774,0.36671072108333025
117202,111005.0,640.101706,0.3680147213016536
117202,199110.0,640.101706,0.3693187215199769
111230,110149.0,640.0850857,0.37062268787981395
111230,106101.0,640.0850857,0.37192665423965104
115105,115001.0,639.977175,0.373230400766335
113015,118226.0,639.495733,0.3745331665106413
113022,112228.0,639.495733,0.3758359322549476
111015,305005.0,639.2764582,0.377138251297762
113021,108006.0,638.6878501,0.37843937124192734
111020,337326.0,638.4688523,0.37974004504889863
123108,123004.0,638.2271016,0.3810402263670004
121027,123201.0,634.7601675,0.38233334492807325
121027,123003.0,634.7601675,0.38362646348914603
110071,108006.0,630.5772672,0.38491106074359943
110071,337125.0,630.5772672,0.3861956579980528
120035,117020.0,627.5474096,0.38747408289749624
120035,110004.0,627.5474096,0.3887525077969397
117219,124005.0,626.7546211,0.39002931764620075
117219,124225.0,626.7546211,0.39130612749546173
105106,101105.0,626.2313559,0.3925818713611007
101205,123206.0,625.9093939,0.39385695933328646
110040,121128.0,625.44023,0.39513109153575277
123108,102003.0,625.44023,0.39640522373821907
123108,115306.0,625.44023,0.3976793559406854
110040,317175.0,625.44023,0.3989534881431516
101205,118229.0,625.1186748,0.40022696528088825
117224,118107.0,624.1894577,0.40149854943929064
117224,103003.0,624.1894577,0.40277013359769304
115107,124126.0,623.8419375,0.4040410097960752
118315,108314.0,623.0490263,0.4053102706943134
124112,115104.0,620.1645357,0.4065736553757927
121130,114222.0,619.7797519,0.4078362561847179
110129,110012.0,617.072491,0.4090933418250823
110129,118207.0,615.517114,0.41034725888781504
121125,112031.0,614.5308638,0.4115991667847167
121125,118209.0,614.5308638,0.41285107468161836
108003,124126.0,613.5122736,0.41410090753039763
124215,124112.0,611.8936405,0.4153474429376985
124115,110203.0,611.8936405,0.4165939783449993
110111,110005.0,611.1206276,0.4178389389885072
106102,117118.0,611.1206276,0.4190838996320152
110111,123106.0,611.1206276,0.42032886027552313
199047,114108.0,611.1206276,0.4215738209190311
115305,105101.0,609.8753269,0.4228162446650906
115207,119214.0,609.8753269,0.42405866841115014
115305,101003.0,609.8753269,0.4253010921572096
110043,106102.0,609.8185488,0.4265434002362523
113024,118031.0,609.3892996,0.4277848338588684
104103,104001.0,609.3892996,0.4290262674814845
199021,121229.0,608.6885756,0.43026627360556335
199021,110428.0,608.6885756,0.4315062797296423
120130,123110.0,608.6194505,0.4327461450336848
119016,110120.0,606.300627,0.4339812864847491
119016,118128.0,606.300627,0.4352164279358134
110066,337374.0,603.6518025,0.43644617326358365
123101,111031.0,603.4248843,0.43767545631890636
121043,116005.0,601.6022642,0.43890102637520706
121043,110113.0,601.6022642,0.4401265964315078
110136,103003.0,601.2786926,0.44135150731531597
110136,112002.0,601.2786926,0.44257641819912413
121043,120019.0,600.8422525,0.4438004399773724
110222,102003.0,600.8422525,0.4450244617556207
110222,115204.0,600.8422525,0.44624848353386903
121043,114112.0,600.8422525,0.44747250531211735
110222,115210.0,600.8422525,0.44869652709036567
337340,337238.0,599.5337443,0.4499178832063255
337340,112034.0,599.5337443,0.4511392393222852
118220,115110.0,599.2017841,0.4523599191766929
118220,118224.0,599.2017841,0.4535805990311005
110040,118217.0,598.444805,0.4547997367853974
108314,111206.0,598.11377,0.4560182001629379
108314,124126.0,598.11377,0.45723666354047837
109009,111020.0,597.1607578,0.4584531854638637
109009,1606115.0,597.1607578,0.45966970738724905
109004,109022.0,597.1607578,0.4608862293106344
123206,109022.0,596.7825076,0.46210198067156255
118115,106101.0,596.7825076,0.46331773203249077
118115,108001.0,596.7825076,0.46453348339341893
110045,102004.0,596.17992,0.4657480071769878
117224,102003.0,596.027953,0.46696222137694
110438,110044.0,593.8602209,0.4681720195237788
111235,111099.0,591.2237423,0.46937644669810213
119106,107206.0,590.1401407,0.47057866638460016
113012,106104.0,587.0601537,0.47177461159364753
111016,108008.0,585.8324906,0.47296805583615253
117319,110064.0,585.8324906,0.4741615000786575
120020,112219.0,585.8324906,0.4753549443211625
108003,114024.0,585.8324906,0.4765483885636675
120020,101003.0,585.0924011,0.4777403251131597
108004,125001.0,585.0924011,0.47893226166265196
115105,107104.0,585.0924011,0.4801241982121442
118218,118208.0,584.9965694,0.48131593953553947
109022,106202.0,583.0560333,0.4825037276441966
116007,118101.0,583.0244816,0.48369145147646875
111015,110320.0,581.9616223,0.4848770100766438
111111,114024.0,581.9616223,0.4860625686768188
118215,1606016.0,581.633128,0.487247458076092
120232,121144.0,581.1604166,0.48843138447876167
118113,118228.0,578.5107993,0.4896099131430637
124112,110120.0,578.2089954,0.4907878269795222
124112,101205.0,578.2089954,0.49196574081598077
118207,122134.0,574.7684763,0.49313664570743027
108003,122118.0,574.0454096,0.4943060775843169
108003,123108.0,574.0454096,0.49547550946120344
110225,105204.0,573.3202109,0.4966434639802667
112033,124121.0,573.3202109,0.49781141849932997
102003,108008.0,573.3202109,0.49897937301839324
110225,104001.0,573.3202109,0.5001473275374565
114125,121037.0,573.3202109,0.5013152820565198
124119,102003.0,573.3202109,0.502483236575583
108002,111163.0,573.3202109,0.5036511910946463
121141,123205.0,573.0939244,0.5048186846281464
109022,108002.0,571.3859392,0.5059826986941606
199043,118102.0,571.3859392,0.5071467127601748
199057,199039.0,571.3859392,0.5083107268261889
120020,112206.0,571.2841507,0.5094745335310527
122017,112127.0,570.4976451,0.5106367379851107
113007,113021.0,570.4976451,0.5117989424391687
110110,101105.0,570.4976451,0.5129611468932267
115207,112117.0,568.615875,0.5141195178492668
108111,101205.0,563.0598211,0.5152665701423027
110129,115110.0,560.6008226,0.5164086130211303
120138,108003.0,560.1939086,0.517549826944278
106202,118125.0,559.4346136,0.5186894940494178
105201,105102.0,559.3710821,0.5198290317296722
110124,122225.0,559.0825962,0.5209679817132011
105206,108111.0,558.6644216,0.5221060798012195
105106,110056.0,558.6644216,0.5232441778892378
118128,123004.0,558.6644216,0.5243822759772562
110040,199110.0,558.6644216,0.5255203740652745
118223,114010.0,558.6644216,0.5266584721532929
105206,118101.0,558.6644216,0.5277965702413112
110040,118206.0,558.6644216,0.5289346683293296
108314,106104.0,558.3553915,0.5300721368684589
123208,118215.0,557.9586539,0.5312087971830324
109008,124107.0,557.1963595,0.5323439045692905
124212,108012.0,557.0338327,0.5334786808597544
113021,118208.0,557.0338327,0.5346134571502182
124212,125001.0,557.0338327,0.5357482334406821
124212,108008.0,557.0338327,0.536883009731146
337486,104001.0,556.1296548,0.538015944051548
337486,105103.0,556.1296548,0.53914887837195
115207,105101.0,555.8987464,0.5402813422911624
118113,124126.0,553.5409554,0.5414090029737172
113024,112127.0,553.3532505,0.5425362812682417
113024,124126.0,553.3532505,0.5436635595627662
121021,121019.0,552.9723442,0.5447900618838889
121021,121037.0,552.9723442,0.5459165642050117
121021,121230.0,552.9723442,0.5470430665261343
111235,117208.0,552.6214977,0.5481688541109763
111004,109015.0,551.9233641,0.5492932194743833
119106,124220.0,550.9117927,0.550415524088203
118213,106201.0,549.5309232,0.5515350156269871
110225,118228.0,548.5744046,0.55265255856846
108003,120049.0,548.5744046,0.5537701015099328
106104,106201.0,546.9228245,0.5548842798910697
120029,121144.0,546.5727596,0.5559977451281831
120029,118228.0,546.5727596,0.5571112103652965
121225,121024.0,545.5418285,0.5582225754136948
123109,107203.0,545.4798747,0.5593338142512614
123109,124126.0,545.4798747,0.560445053088828
123109,110063.0,545.4798747,0.5615562919263944
118218,118212.0,545.420222,0.5626674092408763
118218,113132.0,545.420222,0.5637785265553581
337340,337341.0,544.6671422,0.564888109713292
337340,118129.0,544.6671422,0.5659976928712259
337391,316002.0,544.6671422,0.5671072760291598
123205,108006.0,544.3377573,0.5682161881718824
109008,102202.0,544.3094712,0.5693250426908238
110067,124126.0,543.6100128,0.5704324722894788
110333,124121.0,543.6100128,0.5715399018881339
120130,109020.0,541.8435936,0.5726437329789253
113012,118208.0,538.1559885,0.57374005176689
113012,106204.0,538.1559885,0.5748363705548546
110066,124126.0,535.8840826,0.575928061069278
116005,112031.0,535.6854206,0.5770193468741233
304134,109007.0,535.2050178,0.5781096540136248
109004,101205.0,533.4042381,0.5791962926468562
109022,109008.0,532.7551575,0.5802816089882766
124215,102004.0,532.5749914,0.5813665582995337
110012,110236.0,531.9021828,0.5824501369808532
304036,304017.0,530.6443594,0.5835311532537728
120232,118031.0,529.7252287,0.5846102970951362
305010,121001.0,529.0961912,0.5856881594760232
113024,337125.0,529.0560202,0.5867659400214886
110041,304014.0,526.6064388,0.5878387303370415
110041,111015.0,526.6064388,0.5889115206525944
110041,103204.0,525.9411703,0.589982955698725
113051,101205.0,525.0453323,0.591052565764643
116225,111028.0,525.0453323,0.592122175830561
116225,121034.0,525.0453323,0.593191785896479
113051,123212.0,524.382036,0.5942600447106945
110127,104001.0,522.9561746,0.5953253987934283
110126,110129.0,522.9561746,0.596390752876162
116005,121244.0,522.3824139,0.5974549381070225
337190,337128.0,521.8678513,0.5985180750829941
337190,337426.0,521.8678513,0.5995812120589659
108002,106104.0,521.6665415,0.6006439389313232
118218,103003.0,521.6665415,0.6017066658036806
107009,114024.0,521.5283571,0.6027691111700114
123108,118130.0,521.5283571,0.6038315565363424
110040,337286.0,521.5283571,0.6048940019026732
115110,103003.0,521.5283571,0.6059564472690041
110057,103204.0,521.2085692,0.6070182411709075
337125,105101.0,521.2085692,0.608080035072811
110040,118228.0,520.8695038,0.609141138238615
123207,124126.0,520.8695038,0.6102022414044191
337526,110149.0,520.5501199,0.611262693928815
110149,110051.0,520.5501199,0.6123231464532111
317282,124114.0,520.2774094,0.6133830434181573
110438,110239.0,519.422687,0.6144411991626291
110438,118228.0,519.422687,0.615499354907101
337325,119201.0,516.6366872,0.6165518350779672
110233,119201.0,516.6366872,0.6176043152488333
111091,125001.0,516.4205035,0.6186563550153242
337425,199110.0,515.9840136,0.6197075055748038
119106,123205.0,515.2530422,0.6207571670164506
111235,110113.0,515.2353975,0.6218067925127274
121222,121017.0,514.2606981,0.6228544323741928
102202,118228.0,512.809147,0.6238991151697206
110225,123206.0,512.7568252,0.6249436913765016
123003,106203.0,512.1613089,0.6259870544114103
124119,105205.0,512.1090531,0.6270303109920259
124119,101003.0,512.1090531,0.6280735675726414
106202,105101.0,512.1090531,0.629116824153257
110225,106102.0,512.1090531,0.6301600807338726
108002,124005.0,512.1090531,0.6312033373144882
110225,118214.0,512.1090531,0.6322465938951037
110225,110041.0,512.1090531,0.6332898504757193
122118,105202.0,510.7159104,0.6343302689786232
121026,107205.0,509.2780613,0.6353677583289835
121026,101001.0,509.2780613,0.6364052476793439
118218,101104.0,508.5213044,0.6374411953822542
119016,105101.0,504.9299543,0.6384698268707714
119016,118031.0,504.9299543,0.6394984583592886
119205,120003.0,504.9299543,0.6405270898478058
124112,124111.0,503.8933999,0.6415536096919527
124112,103003.0,503.8933999,0.6425801295360997
124112,106201.0,503.8933999,0.6436066493802466
118112,106101.0,503.0431688,0.6446314371534904
118204,125001.0,502.4076681,0.6456549302995774
110136,123212.0,500.1150634,0.6466737530050124
110129,112024.0,500.1150634,0.6476925757104472
110225,110056.0,500.0232185,0.6487112113116008
124119,118128.0,500.0232185,0.6497298469127545
110225,102004.0,500.0232185,0.6507484825139082
337190,337126.0,498.0819909,0.6517631634916159
110076,118202.0,498.0819909,0.6527778444693236
199056,107206.0,496.6899608,0.6537896896358826
117341,102102.0,496.613876,0.6548013798042671
118120,106104.0,496.5744455,0.6558129896457597
118120,118214.0,496.5744455,0.6568245994872522
118120,124126.0,496.5744455,0.6578362093287448
337391,337039.0,496.4617655,0.658847589621178
337486,199007.0,496.1263102,0.6598582865319229
110040,122202.0,495.9471169,0.6608686183942698
111005,117037.0,492.9966641,0.6618729396632074
119106,101204.0,491.4714269,0.6628741537546089
119104,115211.0,488.664851,0.6638696503552552
119104,118101.0,488.4287265,0.6648646659285952
119104,119204.0,488.4287265,0.665859681501935
304338,304014.0,488.3820205,0.6668546019269045
110129,106203.0,488.3122884,0.6678493802952714
116005,112026.0,488.2749648,0.6688440826288737
121141,116017.0,487.5770009,0.66983736308675
337336,106204.0,486.3271966,0.6708280974725492
199056,118031.0,484.9680186,0.671816062972729
110134,101205.0,484.3448162,0.6728027588995613
124215,118031.0,484.2140724,0.6737891884781835
110438,114222.0,481.893953,0.6747708915638502
116225,116131.0,480.0919041,0.6757489235576621
116225,115306.0,480.0919041,0.6767269555514741
116225,113213.0,480.0919041,0.6777049875452861
116225,112026.0,480.0919041,0.678683019539098
120222,120034.0,479.1438337,0.6796591201460742
108002,104104.0,478.0676607,0.6806330283985952
108002,108007.0,478.0676607,0.6816069366511162
108004,101002.0,477.4637118,0.6825796145530691
120131,119010.0,477.2983126,0.683551955507642
111010,105202.0,476.1648183,0.6845219873341486
110075,102004.0,476.0701256,0.6854918262549021
305006,101204.0,475.9227178,0.6864613648799347
337240,337329.0,474.4332293,0.6874278691538463
109008,120015.0,472.9245084,0.6883912998968416
124110,115110.0,472.7865626,0.6893544496198806
118213,103003.0,470.41624,0.6903127705771799
124112,107206.0,470.398126,0.6912710546330623
124112,101105.0,470.398126,0.6922293386889447
110042,125001.0,469.7884875,0.6931863808035391
110042,106104.0,469.7884875,0.6941434229181337
116125,122104.0,468.3958159,0.6950976279147305
116225,116008.0,468.1694855,0.6960513718363321
317244,118116.0,467.5047349,0.6970037615435654
124114,118105.0,467.30234,0.6979557389366439
304138,304128.0,467.30234,0.6989077163297224
119010,115112.0,466.9822722,0.6998590416881677
119010,110231.0,466.9822722,0.7008103670466131
121132,118128.0,464.8348139,0.7017573176532561
110232,115214.0,464.0256,0.702702619748276
118218,102004.0,463.5149893,0.7036468816391251
123108,115210.0,462.9800558,0.7045900537759645
123108,122134.0,462.9800558,0.7055332259128039
110438,105201.0,461.1107743,0.706472589993109
121222,114222.0,458.2628799,0.7074061524095777
121222,121021.0,458.2628799,0.7083397148260464
110234,124126.0,457.7682472,0.7092722695883521
337126,110149.0,456.7496698,0.7102027493286112
304134,304018.0,456.4945288,0.711132709301595
122017,117001.0,455.9862776,0.7120616338771262
122120,102004.0,455.9862776,0.7129905584526574
109004,109020.0,452.1588299,0.7139116858412891
118117,119008.0,452.0042355,0.7148324982938262
337190,117341.0,450.4407732,0.7157501256975478
337190,317347.0,450.4407732,0.7166677531012694
118207,118212.0,449.4054343,0.7175832713368089
118103,124005.0,448.6678006,0.7184972868822338
317244,118031.0,447.3261656,0.7194085692802284
118107,112217.0,446.5700688,0.7203183113755134
122120,115105.0,445.5700647,0.7212260162858438
199041,123003.0,442.0462702,0.7221265426044688
199041,199057.0,441.4878277,0.7230259312770995
199041,117123.0,441.4878277,0.72392531994973
110438,124107.0,441.4214793,0.7248245734589525
121222,121020.0,438.6951891,0.7257182730335694
110134,107104.0,438.5602673,0.7266116977486523
122120,111206.0,436.8567577,0.7275016521138369
122120,112005.0,436.8567577,0.7283916064790216
116007,115103.0,436.1858147,0.7292801940148252
116007,120034.0,436.1858147,0.730168781550629
120231,124102.0,436.0922677,0.7310571785146732
120231,106101.0,436.0922677,0.7319455754787174
118203,118117.0,436.030962,0.7328338475522241
119204,119205.0,435.3898601,0.7337208135879405
111209,118213.0,434.022191,0.7346049934401673
110333,115105.0,433.1804558,0.7354874585291395
110333,104001.0,432.6332136,0.7363688087891065
110333,108010.0,432.6332136,0.7372501590490733
337483,337486.0,432.3605741,0.73813095389423
117228,114024.0,430.7669774,0.7390085023014765
110333,110043.0,430.5147227,0.7398855368213505
111005,112005.0,429.0904118,0.7407596697683851
304026,304027.0,428.4160308,0.7416324288822258
118215,118222.0,428.2407003,0.7425048308168742
337125,110075.0,425.7006657,0.7433720582524674
337125,110067.0,425.7006657,0.7442392856880606
327212,327112.0,421.751417,0.745098467806607
103101,107010.0,417.8584721,0.7459497193088904
124113,123106.0,417.5898542,0.7468004235890731
317244,305006.0,417.0635339,0.7476500556618555
337238,337140.0,415.3296669,0.7484961555413545
337238,101002.0,415.3296669,0.7493422554208535
337238,115104.0,415.3296669,0.7501883553003527
337137,337374.0,414.8049758,0.7510333862914196
305006,304006.0,414.2297298,0.751877245404795
305005,120035.0,414.2297298,0.7527211045181703
111010,122021.0,412.7331742,0.7535619148834939
337243,110077.0,408.5003566,0.7543941022518424
304008,304017.0,407.5989524,0.7552244533006458
113051,103201.0,407.4815347,0.7560545651488582
304338,304016.0,407.2412687,0.7568841875327971
304014,304024.0,399.4327127,0.7576979025091578
304018,304009.0,398.9281044,0.7585105895092966
304018,305003.0,398.9281044,0.7593232765094355
337126,122006.0,398.8596996,0.7601358241569164
305011,105102.0,397.9925131,0.7609466051923499
337126,337173.0,391.3629644,0.7617438806662904
337243,337529.0,391.3629644,0.7625411561402308
337243,101105.0,390.8685507,0.76333742440615
337243,103003.0,390.8685507,0.7641336926720692
102001,107204.0,390.0821925,0.7649283589874627
102001,102003.0,389.5893968,0.7657220213909864
110041,104001.0,389.3262068,0.7665151476300004
317144,317276.0,388.3570012,0.7673062994260437
337329,199001.0,387.9676398,0.768096658024153
337190,337136.0,384.0477937,0.7688790312035043
337125,111114.0,383.8349934,0.7696609708710636
110063,199110.0,383.8349934,0.7704429105386229
121222,117031.0,383.0369328,0.7712232244158009
121222,123003.0,383.0369328,0.772003538292979
121021,110149.0,383.0369328,0.772783852170157
304026,305003.0,381.7094587,0.7735614617481588
317244,317344.0,381.3553112,0.7743383498651599
111008,111097.0,379.7474719,0.7751119625295595
117130,110069.0,378.6316307,0.775883302028375
337190,337118.0,377.6153079,0.7766525710981622
113033,112003.0,375.909091,0.7774183643028029
304018,112217.0,373.1725034,0.7781785825952157
337232,337526.0,372.0646623,0.778936544019661
337136,110168.0,372.0646623,0.7796945054441062
337232,337326.0,371.5946283,0.7804515093262845
337232,337133.0,371.5946283,0.7812085132084629
116007,116110.0,370.2159185,0.7819627084152957
115306,105101.0,369.7881517,0.7827160321856126
109023,106203.0,369.7881517,0.7834693559559295
304017,110149.0,369.6944835,0.784222488907581
337126,199006.0,364.8863704,0.7849658268837256
337184,337426.0,364.4254049,0.7857082257917394
337184,327009.0,364.4254049,0.7864506246997532
305004,109157.0,363.4573756,0.787191051561127
112107,122225.0,361.9309624,0.787928368849245
112107,123004.0,361.9309624,0.7886656861373629
117633,112001.0,361.6558442,0.7894024429611209
117633,124107.0,361.6558442,0.7901391997848791
117103,110223.0,361.6558442,0.7908759566086372
117032,118319.0,361.6558442,0.7916127134323953
337338,110043.0,360.8601153,0.7923478492158569
337338,337030.0,360.8601153,0.7930829849993184
304015,304027.0,360.5136322,0.7938174149355157
123201,105202.0,357.5753431,0.7945458590579086
304027,304141.0,356.7868434,0.7952726968671622
337243,117341.0,356.2750086,0.7959984919785371
117341,122123.0,356.2750086,0.7967242870899119
337243,337138.0,356.2750086,0.7974500822012868
327215,327002.0,354.9652628,0.7981732091291635
305006,305003.0,354.8030115,0.7988960055224882
305011,109157.0,354.6027595,0.7996183939671239
304027,304039.0,354.5912261,0.8003407589161871
120034,122123.0,353.5510954,0.8010610049353253
337184,107108.0,349.1370435,0.801772258751213
337184,106104.0,348.6959743,0.8024826140312467
337243,112220.0,348.6959743,0.8031929693112804
337229,110064.0,346.1080558,0.8038980525442981
337329,110146.0,345.6708132,0.8046022450369218
337229,111008.0,345.6708132,0.8053064375295456
304015,304006.0,345.5563513,0.8060103968430646
304015,306016.0,345.5563513,0.8067143561565838
337243,327014.0,340.4667078,0.8074079469674525
337184,122225.0,340.2009782,0.8081009964401978
305001,304004.0,339.4889053,0.8087925952946923
117005,110246.0,338.9414127,0.8094830788100722
117230,117134.0,338.9414127,0.8101735623254522
337238,107010.0,337.7254504,0.8108615687108858
337238,317176.0,337.2987977,0.8115487059294217
337526,108010.0,337.2987977,0.8122358431479577
304036,304016.0,333.3397502,0.8129149150875608
304036,304259.0,333.3397502,0.8135939870271638
304023,304016.0,333.3397502,0.8142730589667668
117010,122010.0,333.0293594,0.8149514985854946
117012,122228.0,332.6086392,0.815629081122875
317144,337137.0,332.3407727,0.8163061179688892
337138,337425.0,332.3407727,0.8169831548149034
337233,337329.0,332.3407727,0.8176601916609174
337233,337232.0,332.3407727,0.8183372285069316
117108,118301.0,331.5178571,0.8190125889285401
117108,122223.0,331.5178571,0.8196879493501487
337329,115306.0,331.1692437,0.8203625995846955
107106,110077.0,331.1692437,0.8210372498192424
199099,124005.0,330.8766234,0.8217113039345609
337526,104001.0,328.9224484,0.8223813770502933
118127,118224.0,325.9288791,0.8230453517366915
337243,101003.0,325.9288791,0.8237093264230897
115205,118127.0,325.9288791,0.8243733011094879
337226,337425.0,325.517129,0.8250364369882165
337184,337228.0,325.517129,0.8256995728669451
337226,337125.0,325.517129,0.8263627087456736
305001,122119.0,324.0155711,0.8270227856857819
304008,111230.0,323.9787106,0.827682787534542
337329,316209.0,322.9451134,0.8283406837632705
337329,337030.0,322.9451134,0.828998579991999
337229,337227.0,322.5371328,0.829655645092195
305015,118031.0,316.743209,0.8303009069463922
305015,304022.0,316.743209,0.8309461688005896
305001,124126.0,316.1218435,0.8315901648235291
112107,118112.0,315.2605728,0.8322324062859506
316109,337319.0,314.57518,0.8328732514821968
304036,304024.0,311.5752952,0.8335079853833199
304036,115114.0,311.5752952,0.8341427192844431
304020,304024.0,310.7885585,0.8347758504639691
111001,117213.0,310.7653902,0.8354089344455764
111097,117230.0,304.301521,0.8360288503840916
122123,111211.0,304.301521,0.8366487663226067
117341,199002.0,303.9170931,0.8372678991135988
337426,337126.0,303.4951555,0.8378861723431847
117303,117204.0,302.2253833,0.838501858822555
117303,110246.0,302.2253833,0.8391175453019253
337329,101001.0,301.4780035,0.8397317092366542
337329,103204.0,301.4780035,0.8403458731713831
327112,316209.0,300.85350900000003,0.8409587649005286
117228,109034.0,296.9103701,0.8415636237593689
337243,118320.0,296.7074679,0.8421680692705948
117241,118225.0,296.6345346,0.8427723662038085
117005,117103.0,296.5449306,0.8433764805978499
337126,199064.0,296.3326336,0.8439801625054103
117103,123109.0,295.6089335,0.8445823701080601
112107,124109.0,294.3042769,0.845181919894811
111135,111091.0,291.7205636,0.8457762062012808
111097,113236.0,291.3946036,0.8463698284696656
111097,107205.0,291.3946036,0.8469634507380503
117043,110015.0,291.1671742,0.8475566096925828
304036,109023.0,290.723424,0.8481488646495907
304036,304247.0,290.4965183,0.8487406573596157
304145,115312.0,290.1295305,0.8493317024506813
304145,123102.0,290.1295305,0.8499227475417469
304019,304146.0,290.1295305,0.8505137926328126
304019,304027.0,290.1295305,0.8511048377238781
113236,109046.0,286.625,0.8516887434674084
304018,304017.0,286.0099564,0.8522713962585077
111091,111230.0,284.2540571,0.8528504719726375
304145,105202.0,283.282439,0.8534275683291079
304019,102003.0,277.606879,0.8539931025675437
117005,123003.0,276.8327183,0.8545570597039152
337126,337186.0,276.2850575,0.855119901158519
304145,121027.0,276.2475113,0.8556826661248829
112104,199072.0,271.4690531,0.8562356965280082
117032,104202.0,269.7472621,0.8567852193387949
117203,101205.0,269.7472621,0.8573347421495817
117107,118129.0,265.2104106,0.8578750225926461
117006,123212.0,265.2104106,0.8584153030357107
117207,118031.0,265.2104106,0.8589555834787752
117107,117207.0,265.2104106,0.8594958639218397
117010,120005.0,265.0421415,0.8600358015710309
199099,116035.0,264.6974311,0.8605750369842607
199099,123102.0,264.6974311,0.8611142723974905
117141,110041.0,264.3630355,0.8616528265878283
117104,110222.0,263.2539279,0.8621891213301142
199099,108111.0,258.7774569,0.8627162967104197
305001,304017.0,257.3797284,0.8632406246709291
304001,304013.0,257.3797284,0.8637649526314385
199071,111028.0,253.5846008,0.8642815492467999
111138,111028.0,253.5846008,0.8647981458621613
117108,111005.0,253.4427428,0.8653144534877242
117128,117129.0,253.4427428,0.8658307611132872
117128,124108.0,253.4427428,0.8663470687388501
117129,110076.0,253.4427428,0.866863376364413
111078,117108.0,253.272487,0.8673793371488439
111078,122223.0,253.272487,0.8678952979332747
304036,305002.0,253.0374804,0.8684107799677587
304019,304015.0,252.717815,0.8689256107873694
117012,110005.0,252.3604952,0.8694397136834442
116016,118224.0,250.4433982,0.8699499111143668
117128,118226.0,247.5810959,0.8704542775300163
199099,199007.0,247.1022156,0.8709576683819235
117140,110061.0,246.7900483,0.8714604232939112
111078,117141.0,246.7900483,0.871963178205899
111289,110053.0,246.7900483,0.8724659331178867
117207,121018.0,246.3687565,0.8729678297840768
304145,304231.0,244.8431076,0.8734666184340252
111091,117108.0,242.9462288,0.8739615428068654
111237,110061.0,242.9462288,0.8744564671797057
111091,199108.0,242.9462288,0.874951391552546
117341,110234.0,242.4853635,0.8754453770613805
111060,111008.0,242.4853635,0.875939362570215
337118,316209.0,242.1633186,0.8764326920167143
337319,110012.0,242.1633186,0.8769260214632136
117031,106304.0,240.9474014,0.8774168738716434
116018,101205.0,239.5850708,0.8779049509720506
113532,120034.0,238.152506,0.8783901096849666
113532,106104.0,238.152506,0.8788752683978825
117108,105202.0,236.5956595,0.8793572555395358
117128,108105.0,236.5956595,0.8798392426811891
337126,110054.0,236.5956595,0.8803212298228423
117006,109051.0,236.5956595,0.8808032169644957
117128,117001.0,236.5956595,0.881285204106149
118320,108008.0,236.4367211,0.8817668674622127
113236,112206.0,235.0223067,0.8822456494063553
111091,124102.0,232.1664464,0.8827186134587163
111091,102202.0,231.1412767,0.8831894890593515
304058,103204.0,230.3512051,0.8836587551446092
113234,124206.0,229.2966496,0.884125872914077
107206,118228.0,226.3666494,0.8845870217556935
111060,199267.0,226.0806776,0.8850475880222504
111138,106203.0,226.0806776,0.8855081542888071
117010,199208.0,224.956467,0.8859664303398341
306009,108008.0,221.1691854,0.8864169910294005
117207,199041.0,221.1478301,0.8868675082144494
111078,122218.0,220.720078,0.8873171539929288
117141,118111.0,220.720078,0.887766799771408
111078,123212.0,220.720078,0.8882164455498874
327312,105102.0,220.6669349,0.8886659830664869
117108,115105.0,220.5894254,0.8891153626825465
110203,118111.0,220.5894254,0.8895647422986063
111289,306011.0,220.4412396,0.8900138200340215
111289,118101.0,220.4412396,0.8904628977694367
111061,111237.0,216.733661,0.890904422512478
199075,110005.0,215.5923686,0.8913436222413462
111289,118315.0,215.2388,0.8917821016885352
124211,118208.0,211.6261856,0.8922132216021968
117128,110052.0,210.0347376,0.8926410994552296
117128,112125.0,210.0347376,0.8930689773082624
316107,316122.0,208.2790432,0.8934932785017434
316107,112127.0,208.2790432,0.8939175796952243
117229,115204.0,206.1866768,0.8943376183688325
117141,125001.0,205.199358,0.8947556456996827
117141,114024.0,205.199358,0.8951736730305329
117005,111107.0,204.7645608,0.8955908146027006
117128,117208.0,201.0663158,0.8960004221966861
117228,117633.0,201.0663158,0.8964100297906716
113236,116005.0,199.8257884,0.8968171102112639
117032,110225.0,199.679516,0.8972238926491451
117204,123212.0,199.2244898,0.8976297481182985
117204,124206.0,199.2244898,0.898035603587452
113132,118202.0,198.3522106,0.8984396820698288
303209,303002.0,191.90677176,0.8988306300550117
113236,118031.0,190.9593058,0.8992196478847095
113236,107204.0,190.9593058,0.8996086657144075
113132,110126.0,190.5119942,0.8999967722913801
113029,118207.0,190.5119942,0.9003848788683528
1606314,1606115.0,189.80078334,0.9007715365832024
116012,122123.0,187.9545455,0.9011544331855228
199099,110135.0,187.3377896,0.9015360733471546
1606211,112018.0,186.7333866,0.9019164822331366
113240,113031.0,186.627149,0.9022966746943656
327007,337030.0,186.0419039,0.9026756749079705
327007,107203.0,186.0419039,0.9030546751215754
327007,106104.0,186.0419039,0.9034336753351804
317175,327122.0,185.9248393,0.9038124370675212
327014,327013.0,183.5402776,0.904186341026561
327215,111019.0,181.5095165,0.9045561079666038
327014,327006.0,181.5095165,0.9049258749066466
327014,327008.0,181.5095165,0.9052956418466893
117125,101205.0,181.4367409,0.9056652605299824
117125,111028.0,181.4367409,0.9060348792132756
327087,316209.0,181.3953038,0.9064044134818784
337319,317344.0,180.9416829,0.9067730236445974
337319,337127.0,180.9416829,0.9071416338073165
116110,120029.0,180.7766578,0.907509907784763
337219,124208.0,179.6674331,0.9078759220756045
111129,118112.0,179.3860385,0.9082413631159509
113236,109047.0,178.0404747,0.9086040630052076
327215,120039.0,177.2258703,0.9089651034014408
327215,327013.0,177.2258703,0.909326143797674
316107,199047.0,177.0019786,0.9096867280869745
337317,122123.0,176.533548,0.910046358100417
327112,327004.0,176.3105309,0.9104055337886416
116011,102202.0,175.7049465,0.9107634757944961
316207,123205.0,169.576398,0.9111089328647425
327006,327079.0,169.551622,0.9114543394619015
316322,327081.0,169.551622,0.9117997460590603
123212,115306.0,169.551622,0.9121451526562193
327079,327007.0,168.594414,0.9124886092516374
327079,327014.0,168.594414,0.9128320658470555
1606321,107203.0,166.13442718,0.9131705110148828
306010,112206.0,166.03013706000002,0.9135087437253179
327013,199052.0,165.8645672,0.9138466391407082
337218,327006.0,164.695147,0.9141821522406293
327079,306006.0,164.695147,0.9145176653405503
337218,105102.0,164.695147,0.9148531784404714
327079,316105.0,164.695147,0.9151886915403924
316108,316122.0,164.492439,0.9155237916883189
316108,337125.0,164.492439,0.9158588918362452
316108,124202.0,164.492439,0.9161939919841716
1606112,1606016.0,164.46962162,0.9165290456490653
116213,109033.0,164.3610816,0.91686387819877
116213,120024.0,164.3610816,0.9171987107484747
317175,327008.0,162.2333878,0.9175292088101539
317175,327079.0,162.2333878,0.917859706871833
317016,327312.0,162.0284363,0.9181897874111119
316107,110005.0,161.9256335,0.9185196585229319
337218,111129.0,161.5215472,0.9188487064395964
337218,123004.0,161.5215472,0.9191777543562609
337218,337219.0,161.5215472,0.9195068022729255
327004,111073.0,160.9095723,0.9198346034886427
316108,104001.0,160.4850436,0.9201615398644255
1606215,303109.0,159.7921734,0.9204870647412488
113332,124212.0,158.2586468,0.920809465553564
113033,121144.0,158.0587167,0.9211314590729575
113033,120015.0,158.0587167,0.9214534525923509
337219,316207.0,157.7858621,0.9217748902587376
337219,316209.0,157.7858621,0.9220963279251243
316108,327010.0,157.5865293,0.9224173595153948
316108,337186.0,157.5865293,0.9227383911056654
316107,117141.0,157.4865448,0.9230592190098518
337118,105103.0,157.4865448,0.9233800469140383
337319,337136.0,157.4865448,0.9237008748182248
123212,118208.0,157.4865448,0.9240217027224112
116110,124118.0,157.266883,0.9243420831367184
116110,117001.0,157.266883,0.9246624635510255
116110,111001.0,157.266883,0.9249828439653327
116011,123206.0,157.1441383,0.925302974327009
327006,327008.0,155.0349199,0.9256188078383125
317094,118031.0,154.7201821,0.9259340001731342
113132,120018.0,154.4031203,0.9262485465970755
316108,123202.0,153.3641516,0.9265609764582908
316108,199054.0,153.3641516,0.9268734063195063
316108,110203.0,153.3641516,0.9271858361807218
316108,123102.0,153.3641516,0.9274982660419373
117204,107206.0,152.4981774,0.9278089317607746
117204,112018.0,152.4981774,0.9281195974796119
316108,123212.0,151.2579304,0.9284277365962803
317175,117213.0,151.2579304,0.9287358757129487
317175,327004.0,151.2579304,0.9290440148296171
327079,327006.0,150.9754649,0.929351578514178
337217,107106.0,150.9709964,0.9296591330956152
316208,101104.0,150.5942475,0.9299659201730086
316208,110005.0,150.5942475,0.930272707250402
316208,327013.0,150.5942475,0.9305794943277953
113235,122120.0,150.1714859,0.930885420165149
116213,120015.0,150.1714859,0.9311913460025026
327112,327215.0,150.1408569,0.9314972094431742
327079,327013.0,147.11129,0.931796901121043
327079,337340.0,146.9254424,0.9320962141945295
337218,316208.0,146.8322221,0.932395337361802
337317,316208.0,146.8322221,0.9326944605290746
116213,120023.0,146.5129802,0.9329929333442182
306124,123102.0,144.8524787,0.9332880234245584
327013,124107.0,144.7292936,0.9335828625550953
316122,115211.0,144.7292936,0.9338777016856321
327013,327004.0,144.7292936,0.934172540816169
327013,337173.0,144.7292936,0.9344673799467058
327006,327004.0,144.5464553,0.9347618466033359
316107,337127.0,143.9292151,0.9350550558326729
113239,112031.0,143.2775208,0.9353469374456302
316122,316208.0,143.2767522,0.9356388174928136
316108,316001.0,140.5838057,0.935925211532397
316108,123206.0,140.5838057,0.9362116055719804
316208,337425.0,139.9834867,0.9364967766557432
113033,124005.0,138.9312561,0.9367798041599479
113132,114208.0,137.743869,0.937060412746935
113132,124101.0,137.743869,0.937341021333922
327013,327002.0,137.6967812,0.9376215339947448
327013,327014.0,137.6967812,0.9379020466555675
337218,327004.0,137.4396403,0.9381820354749654
337218,327312.0,137.4396403,0.9384620242943632
1606409,111097.0,136.9178095,0.9387409500522652
116011,118111.0,136.8806657,0.9390198001416868
117001,121003.0,136.3926343,0.9392976560249594
117001,123212.0,136.3926343,0.9395755119082319
306013,306002.0,136.05872818,0.9398526875657696
1606315,118128.0,135.2142857,0.9401281429448453
1606315,1606114.0,135.2142857,0.940403598323921
316308,101204.0,134.7675591,0.9406781436420196
316308,337128.0,134.7675591,0.9409526889601184
116019,120001.0,134.5402773,0.941226771265052
116019,116004.0,134.5402773,0.9415008535699858
113132,118214.0,134.3231905,0.94177449363077
113132,120232.0,134.3231905,0.9420481336915543
316308,327004.0,134.277272,0.9423216802082446
113235,108012.0,134.1382634,0.9425949435398676
113235,122223.0,134.1382634,0.9428682068714905
113235,119008.0,134.1382634,0.9431414702031136
316108,118206.0,133.6526834,0.9434137443225222
117341,121225.0,132.6495903,0.9436839749641379
316208,316109.0,131.4047926,0.9439516697330051
316208,337474.0,131.2387873,0.9442190263197593
316208,110123.0,131.2387873,0.9444863829065135
113235,101105.0,131.0359014,0.9447533261788594
113132,108006.0,130.9311402,0.9450200560341399
113132,104001.0,130.9311402,0.9452867858894203
114024,112127.0,130.9311402,0.9455535157447007
108002,118315.0,130.8703621,0.9458201217842579
1606120,337128.0,130.7916667,0.9460865675073875
316108,199039.0,130.3336038,0.946352080075495
111002,124216.0,129.3407311,0.9466155699865694
116015,120035.0,128.4848258,0.9468773162673931
116015,121005.0,128.4848258,0.9471390625482168
117240,117341.0,126.763787,0.9473973027690662
117240,118105.0,126.763787,0.9476555429899155
1606311,115214.0,125.3535159,0.9479109102394775
113239,116042.0,124.7047189,0.9481649557749716
113239,116034.0,124.7047189,0.9484190013104659
316119,199166.0,124.4477354,0.9486725233251868
113213,113029.0,124.255082,0.948925652870909
1606321,108001.0,123.9464286,0.9491781536351466
1606321,102003.0,123.9464286,0.9494306543993842
1606118,116028.0,123.9464286,0.9496831551636218
1606321,1606110.0,123.9464286,0.9499356559278594
199108,117116.0,123.5977227,0.9501874463165966
199108,110136.0,123.5977227,0.9504392367053337
199075,120005.0,123.5977227,0.9506910270940708
117341,111076.0,123.5977227,0.950942817482808
327087,327009.0,122.8400524,0.9511930643633381
316308,110203.0,122.8400524,0.951443311243868
316308,110047.0,122.8400524,0.9516935581243982
337118,327013.0,122.8400524,0.9519438050049283
117207,124202.0,120.830095,0.9521899572472721
117204,120034.0,120.5905367,0.9524356214670523
117204,108006.0,120.5905367,0.9526812856868325
337318,337128.0,119.4724701,0.9529246722074959
1606315,123003.0,118.8498146,0.9531667902689437
117204,111114.0,118.4125555,0.9534080175563838
117001,111114.0,118.4125555,0.953649244843824
106104,110231.0,118.4125555,0.9538904721312642
117044,117341.0,118.3374259,0.9541315463664412
111138,111206.0,118.2629635,0.9543724689085591
117204,121225.0,117.9784904,0.9546128119287338
303209,303109.0,117.8875812,0.9548529697508135
113132,114023.0,116.8043871,0.9550909209152172
116210,116012.0,116.7501666,0.9553287616228869
120024,103201.0,116.7501666,0.9555666023305567
113134,121244.0,116.6568267,0.9558042528883662
120003,124225.0,115.8489433,0.9560402576450162
117209,124106.0,115.5739115,0.9562757021133184
306009,105202.0,115.5729861,0.9565111446964173
111028,104001.0,115.2398064,0.9567459085336271
111092,110148.0,115.2398064,0.956980672370837
116213,120008.0,114.139042,0.9572131937565669
1606315,122219.0,113.7199859,0.9574448614510149
113037,112023.0,113.6710277,0.9576764294089636
124211,106203.0,113.3476435,0.9579073385761865
117001,122032.0,113.1584646,0.9581378623525808
112216,123003.0,113.1584646,0.958368386128975
112104,123212.0,113.1584646,0.9585989099053692
1606120,116113.0,112.7471748,0.9588285958118064
306005,306124.0,112.4648558,0.9590577065845823
306005,306006.0,112.4648558,0.9592868173573583
116015,113019.0,111.6882981,0.9595143461449579
120015,111015.0,111.6882981,0.9597418749325574
113532,113252.0,111.6216523,0.9599692679508925
115013,112207.0,111.5640842,0.9601965436928414
117207,123212.0,111.5640842,0.9604238194347903
117207,337326.0,111.5640842,0.9606510951767391
316208,118101.0,111.5307842,0.960878303080707
107205,113014.0,111.1639443,0.961104763667014
120003,124202.0,110.9888526,0.9613308675606066
316204,108314.0,110.8802526,0.9615567502168202
116018,123112.0,110.848639,0.9617825684705475
116018,110045.0,110.848639,0.9620083867242748
306009,110102.0,110.5845927,0.9622336670690581
199075,120046.0,110.5413253,0.9624588592705063
111073,119015.0,110.5413253,0.9626840514719547
199026,112119.0,110.5413253,0.9629092436734029
111138,199039.0,110.5413253,0.9631344358748513
111059,199026.0,110.5413253,0.9633596280762996
111073,111020.0,110.401677,0.9635845357894985
316205,117108.0,110.0466683,0.9638087202872805
316205,111206.0,110.0466683,0.9640329047850624
120006,102001.0,108.9023049,0.9642547580125017
120006,304024.0,108.9023049,0.964476611239941
113037,121037.0,108.9023049,0.9646984644673803
316119,123212.0,108.1266949,0.9649187376402754
316119,114122.0,108.1266949,0.9651390108131704
316119,114213.0,108.1266949,0.9653592839860655
117043,124125.0,107.7277904,0.9655787445200468
111002,110234.0,107.5794781,0.9657979029156807
111002,117001.0,107.5794781,0.9660170613113146
117207,115306.0,106.8837517,0.9662348023894052
124126,118129.0,106.8837517,0.9664525434674957
117207,117303.0,106.8837517,0.9666702845455861
124107,124108.0,106.8675767,0.9668879926723452
117104,124126.0,106.7487242,0.9671054586755721
1606315,115204.0,106.2949683,0.9673220002978964
1606220,1606115.0,106.2949683,0.9675385419202208
1606315,116035.0,106.0265704,0.9677545367686233
117111,116019.0,105.8630579,0.9679701985131867
111060,122219.0,105.6364892,0.9681853986972957
111060,115312.0,105.6364892,0.9684005988814047
316123,112216.0,105.6139355,0.9686157531196438
117303,304016.0,104.1480919,0.9688279211755989
110239,117123.0,104.0701939,0.969039930539571
113240,118031.0,104.0701939,0.9692519399035433
113240,105205.0,104.0701939,0.9694639492675156
113132,110239.0,104.0701939,0.9696759586314877
113132,119010.0,104.0701939,0.96988796799546
316103,316121.0,103.5097167,0.9700988355683944
316103,115103.0,103.5097167,0.9703097031413288
113139,111031.0,103.3461153,0.9705202374293191
117208,118201.0,103.2345367,0.9707305444119962
199099,110076.0,103.1933188,0.9709407674265318
122016,101205.0,103.1933188,0.9711509904410675
316114,304257.0,103.1032937,0.9713610300585759
316114,316214.0,103.1032937,0.9715710696760842
117214,111015.0,102.3353346,0.9717795448252827
118101,102003.0,102.3353346,0.9719880199744814
117214,117119.0,102.3353346,0.9721964951236799
117214,118208.0,102.3353346,0.9724049702728784
122006,112018.0,101.2937672,0.9726113235653404
306009,117012.0,100.8002297,0.9728166714347551
306016,305003.0,100.6896503,0.9730217940344036
306124,306009.0,100.6700437,0.9732268766919453
306001,306003.0,100.3305137,0.9734312676669153
1606112,107203.0,99.87010838,0.97363472071494
1606112,115306.0,99.87010838,0.9738381737629647
113240,115204.0,99.76377511,0.9740414101913396
111060,123211.0,98.61452155,0.9742423053872525
316205,124003.0,98.29741574,0.974442554582629
316205,110236.0,98.29741574,0.9746428037780054
117006,112018.0,97.22506242,0.9748408684002893
1606214,112104.0,97.19102286,0.975038863677978
1606215,1606221.0,97.19102286,0.9752368589556668
116018,106101.0,97.15234248,0.9754347754345905
117104,117203.0,97.10223679,0.9756325898393748
117111,111109.0,97.04429469,0.9758302862058689
117111,106201.0,97.04429469,0.9760279825723629
117111,121003.0,97.04429469,0.9762256789388568
117111,110149.0,97.04429469,0.9764233753053508
1606115,106202.0,96.94876791,0.9766208770669238
1606110,1606111.0,96.86574667,0.9768182096995691
1606110,1606114.0,96.86574667,0.9770155423322144
306013,316105.0,96.56831915,0.9772122690524753
306013,306016.0,96.56831915,0.977408995772736
316119,119106.0,96.56831915,0.9776057224929968
316114,111059.0,96.12812155,0.9778015524530067
111073,101205.0,96.0440791,0.9779972112037039
111073,118031.0,96.0440791,0.978192869954401
111003,123201.0,95.6230925,0.978387671081047
1606114,124107.0,95.43876552,0.9785820967010821
111015,337232.0,94.99080855,0.9787756097536593
1606019,112003.0,94.70652795,0.9789685436764497
306002,102102.0,93.66124984,0.979159348183132
1606211,106101.0,93.3666933,0.979349552626123
113240,120015.0,93.13218404,0.9795392793323365
116015,106203.0,93.014529,0.9797287663544556
117303,117032.0,92.91108306,0.9799180426389261
1606110,122026.0,92.68480039,0.9801068579456358
316119,108010.0,92.51708851,0.9802953315936277
113037,113027.0,92.50383022,0.9804837782321415
123211,120008.0,92.43163226,0.9806720777906603
199075,118228.0,92.05932474,0.9808596188930109
111059,110201.0,91.94302505,0.9810469230723541
124126,337128.0,91.94302505,0.9812342272516973
111263,118320.0,91.94302505,0.9814215314310404
111073,124004.0,91.94302505,0.9816088356103836
316205,115204.0,91.64737217,0.9817955374925973
1606211,1606114.0,91.16322821,0.9819812530880638
1606317,122032.0,90.74370831,0.9821661140474061
113532,118315.0,90.69434101,0.9823508744368397
113532,118130.0,90.69434101,0.9825356348262734
1606210,1606111.0,90.42679606,0.982719850179395
117001,124122.0,89.7731587,0.9829027339577806
199075,118031.0,89.7731587,0.9830856177361662
303209,303108.0,89.57508258,0.9832680979985147
306006,115104.0,89.50540063,0.9834504363064251
306006,306124.0,89.50540063,0.9836327746143356
1606111,123004.0,89.26704801,0.9838146273558657
111229,123205.0,89.15397298,0.9839962497435902
1606016,1606113.0,89.09467054,0.9841777513217717
306124,316207.0,87.69128777,0.9843563939614105
303002,303108.0,87.58452519,0.9845348191068193
111059,122123.0,87.54376644,0.9847131612194564
303001,304015.0,87.47387856,0.9848913609581396
1606221,120005.0,86.92412962,0.9850684407611452
1606112,124107.0,86.92412962,0.9852455205641508
1606112,1606115.0,86.92412962,0.9854226003671566
1606121,114018.0,86.92412962,0.9855996801701622
117207,115214.0,86.62543714,0.9857761514838363
103003,106103.0,86.44887475,0.9859522631087408
1606019,1606409.0,86.28288195,0.9861280365769972
316119,124121.0,86.1519301,0.9863035432732087
124121,117119.0,86.1519301,0.98647904996942
116041,113007.0,85.51933672,0.9866532679611992
113037,122214.0,84.66562186,0.986825746785041
1606315,101204.0,84.59508218,0.986998081907097
1606315,114222.0,84.59508218,0.9871704170291531
306124,125001.0,84.22239584,0.9873419929233174
306124,101002.0,84.22239584,0.9875135688174816
111073,112033.0,83.80567324,0.9876842957741158
111060,124201.0,83.80567324,0.9878550227307499
111060,118125.0,83.80567324,0.988025749687384
111059,123206.0,83.69980049,0.988196260962529
111263,119201.0,83.69980049,0.988366772237674
110072,306016.0,83.5994832,0.9885370791487831
113240,124201.0,82.6768922,0.988705506579094
117103,103003.0,82.48061266,0.9888735341533184
117103,116028.0,82.48061266,0.9890415617275428
101104,110249.0,81.82812734,0.9892082600739401
1606120,304007.0,81.82812734,0.9893749584203375
1606120,101104.0,81.82812734,0.9895416567667349
117001,107009.0,81.72447523,0.989708143955479
111008,106203.0,81.02088535,0.9898731978073824
117214,117012.0,81.02088535,0.9900382516592856
1606211,1606409.0,80.77228054,0.9902027990592869
1606210,1606110.0,80.77228054,0.9903673464592881
116019,118111.0,80.51272857,0.990531365106089
306124,316105.0,79.07249586,0.9906924497445118
117010,124206.0,78.8500096,0.9908530811391314
316119,122225.0,78.46582568,0.9910129298832584
1606112,103003.0,77.545492,0.9911709037451465
1606112,110078.0,77.545492,0.9913288776070346
117213,122021.0,77.42590255,0.9914866078440934
113023,121146.0,77.07485863,0.991643622942692
306013,118208.0,77.04865737,0.9918005846646968
117111,101205.0,76.98913997,0.991957425139247
306010,118229.0,76.95132084,0.9921141885695504
306010,199007.0,76.95132084,0.9922709519998537
316114,118125.0,76.95132084,0.9924277154301572
316214,327081.0,76.95132084,0.9925844788604605
117230,124219.0,76.95132084,0.9927412422907639
316114,199007.0,76.95132084,0.9928980057210673
117012,111019.0,75.59864203,0.993052013505749
316203,316002.0,75.18256822,0.9932051736746004
113240,110333.0,75.16081109,0.9933582895203357
316214,121122.0,75.1352605,0.9935113533150067
316214,105202.0,75.1352605,0.9936644171096778
316105,105205.0,75.1352605,0.9938174809043488
316205,101205.0,74.98421359,0.993970236989789
316012,118219.0,74.98421359,0.9941229930752292
316205,110005.0,74.98421359,0.9942757491606694
316119,304009.0,74.98421359,0.9944285052461096
316012,122125.0,74.98421359,0.9945812613315498
316123,117141.0,74.98421359,0.99473401741699
1606221,337031.0,73.83512165,0.9948844325992166
1606121,1606211.0,73.74184482,0.9950346577600675
316205,111008.0,73.62992654,0.9951846549236172
306010,101002.0,73.62992654,0.9953346520871669
306015,119106.0,73.62992654,0.9954846492507166
306015,118010.0,73.62992654,0.9956346464142662
306015,112026.0,73.62992654,0.9957846435778159
1606110,119206.0,73.53057791,0.9959344383506611
117213,107104.0,72.18786428,0.9960814977787162
306013,107203.0,71.8922515,0.9962279549913325
1606221,124126.0,70.59308964,0.9963717655818057
306017,118125.0,69.99979274,0.9965143675217161
306224,119205.0,69.91136113,0.9966567893108197
118031,304140.0,69.28111384,0.9967979271748907
303010,199266.0,69.244841,0.9969389911447808
316006,110015.0,68.73552913,0.9970790175564461
306013,327111.0,68.73552913,0.9972190439681115
316205,102102.0,68.73552913,0.9973590703797769
316123,118213.0,68.34778929,0.9974983068969127
306224,102003.0,66.65046645,0.9976340856676729
303109,303002.0,65.68839389,0.9977679045267244
304007,110012.0,65.12103757,0.9979005675807558
117211,118229.0,64.16490346,0.9980312828207502
306010,117109.0,64.08541437,0.9981618361274301
316012,111236.0,62.14141092,0.9982884291557678
316012,118205.0,62.14141092,0.9984150221841054
304009,110218.0,59.20766709,0.9985356386581564
304009,304016.0,59.20766709,0.9986562551322075
304007,109022.0,58.02144226,0.9987744550567902
327009,327004.0,57.00536808,0.9988905850588276
327009,327010.0,57.00536808,0.9990067150608649
304007,305003.0,54.16458663,0.9991170578894012
304007,106204.0,54.16458663,0.9992274007179375
115312,101204.0,48.49644318,0.999326196537261
316002,118122.0,48.49644318,0.9994249923565846
316204,112018.0,46.17600185,0.9995190610271243
113234,106204.0,40.16063118,0.9996008753252832
113234,106104.0,40.16063118,0.9996826896234421
113234,106102.0,40.16063118,0.999764503921601
113234,115001.0,33.31936057,0.9998323813433457
113234,106201.0,33.31936057,0.9999002587650904
110113,124120.0,33.31936057,0.9999681361868351
306001,122024.0,15.64116392,1.0
