EncuestaHogar_id,DEPARTAMENTO,Estrato,IdTamanoHogar,TamanoHogar,Personas,PersonasMenor4,PersonasDesde4,Autos,Motos,Otros,Vehiculos,EspaciosEstacionamiento,AutoECH,MotoECH,ZonaIMM,Ponderacion
51,1,1,3,3 o 4 Personas,3,0,3,0,1,0,1,0,2,1,Oeste,233.358347918
62,1,2,2,2 Personas,2,0,2,0,0,0,0,0,2,2,Oeste,146.764519458
67,1,2,2,2 Personas,2,0,2,0,0,0,0,1,2,2,Este,227.7380474349
72,1,2,2,2 Personas,2,0,2,0,0,0,0,0,2,2,Este,121.4602919653
118,1,4,1,1 Persona,1,0,1,0,0,0,0,0,2,2,Centro,471.382628463
124,1,2,3,3 o 4 Personas,4,0,4,0,0,0,0,2,2,2,Este,324.5889049133
142,1,2,2,2 Personas,2,0,2,0,0,0,0,1,2,2,Oeste,364.3808758958
145,1,2,4,5 o mas Personas,5,0,5,0,0,0,0,3,2,2,Oeste,330.1451134019
168,1,2,4,5 o mas Personas,5,0,5,0,0,0,0,1,2,2,Este,512.2941414857
185,1,3,3,3 o 4 Personas,3,0,3,0,2,0,2,2,2,1,Este,160.3978581399
199,1,2,3,3 o 4 Personas,4,2,2,1,0,0,1,1,1,2,Este,263.7284852421
208,1,2,1,1 Persona,1,0,1,0,0,0,0,0,2,2,Este,392.5524637158
214,1,2,2,2 Personas,2,0,2,0,0,0,0,2,2,2,Oeste,146.764519458
219,1,2,2,2 Personas,2,0,2,0,1,0,1,0,2,2,Este,121.4602919653
224,1,3,1,1 Persona,1,0,1,0,0,0,0,3,2,2,Este,278.2292160681
229,1,3,2,2 Personas,2,0,2,0,0,0,0,0,2,2,Este,342.1751291733
234,1,2,1,1 Persona,1,0,1,1,0,0,1,1,1,2,Este,392.5524637158
243,1,2,3,3 o 4 Personas,3,0,3,0,0,0,0,0,2,2,Este,583.812416671
258,1,2,3,3 o 4 Personas,3,0,3,0,0,0,0,2,2,2,Este,359.2691794898
270,1,3,1,1 Persona,1,0,1,1,0,0,1,2,2,2,Este,278.2292160681
278,1,1,2,2 Personas,2,0,2,1,1,0,2,2,1,1,Oeste,115.3884330185
284,1,2,2,2 Personas,2,0,2,1,0,0,1,0,1,2,Este,242.9205839305
292,1,3,2,2 Personas,2,0,2,1,0,0,1,0,2,2,Este,141.9662769974
303,1,2,1,1 Persona,1,0,1,0,0,0,0,0,2,2,Este,181.1780601765
310,1,3,2,2 Personas,2,0,2,1,0,0,1,2,1,2,Este,191.1084498042
315,1,3,1,1 Persona,1,0,1,0,0,0,0,2,2,2,Este,155.3939770593
321,3,5,3,3 o 4 Personas,3,0,3,0,0,0,0,1,1,2,,337.5934402541
327,3,5,3,3 o 4 Personas,4,0,4,1,0,0,1,2,1,2,,744.801120164
341,3,5,2,2 Personas,2,0,2,0,0,0,0,1,1,2,,440.1330921903
347,3,5,2,2 Personas,2,0,2,0,1,0,1,0,2,1,,410.7908860443
356,1,4,3,3 o 4 Personas,4,0,4,1,0,0,1,0,1,2,Centro,244.9029140257
363,1,3,2,2 Personas,2,0,2,0,0,0,0,0,2,2,Centro,606.0867979506
368,3,5,3,3 o 4 Personas,3,0,3,0,0,0,0,0,2,2,,337.5934402541
376,3,5,2,2 Personas,2,0,2,1,0,0,1,1,1,2,,254.2991199322
379,1,4,1,1 Persona,1,0,1,1,0,0,1,0,2,2,Centro,263.8556851145
383,3,5,2,2 Personas,2,0,2,0,0,0,0,0,2,2,,312.9835322242
388,1,3,3,3 o 4 Personas,4,0,4,1,0,0,1,0,1,2,Centro,632.4845340252
399,3,5,2,2 Personas,2,0,2,1,0,0,1,2,1,2,,234.7376491682
408,1,4,1,1 Persona,1,0,1,0,0,0,0,1,2,2,Este,133.4101778669
410,3,5,1,1 Persona,1,0,1,0,0,0,0,1,2,2,,179.095909414
412,1,4,3,3 o 4 Personas,4,0,4,1,0,0,1,0,1,2,Centro,244.9029140257
425,3,5,1,1 Persona,1,0,1,1,0,0,1,1,1,1,,238.7945458854
432,1,4,1,1 Persona,1,0,1,0,0,0,0,0,2,2,Centro,263.8556851145
434,3,5,1,1 Persona,1,0,1,0,0,0,0,1,2,2,,123.1284377221
440,3,5,2,2 Personas,2,0,2,0,0,0,0,1,2,2,,312.9835322242
447,1,4,2,2 Personas,2,0,2,0,0,0,0,0,2,2,Centro,587.7904768258
452,1,4,1,1 Persona,1,0,1,1,0,0,1,1,1,2,Centro,173.4332312269
456,1,4,1,1 Persona,1,0,1,0,0,0,0,0,2,2,Centro,362.430983205
460,1,2,1,1 Persona,1,0,1,0,0,0,0,0,1,2,Centro,619.0250389364
464,1,3,1,1 Persona,1,0,1,0,0,0,0,0,2,2,Centro,378.865315497
468,1,3,1,1 Persona,1,0,1,0,0,0,0,0,2,2,Centro,159.8338049753
473,1,2,1,1 Persona,1,0,1,0,0,0,0,0,1,2,Centro,619.0250389364
475,1,3,1,1 Persona,1,0,1,0,0,0,0,0,2,2,Centro,159.8338049753
479,1,3,1,1 Persona,1,0,1,1,0,0,1,0,1,2,Centro,408.4641682702
483,1,3,3,3 o 4 Personas,4,0,4,1,0,0,1,0,1,2,Centro,242.9107268358
492,1,4,3,3 o 4 Personas,3,1,2,1,0,0,1,0,1,2,Centro,465.2829318553
500,1,4,2,2 Personas,2,0,2,0,0,0,0,0,2,2,Centro,411.453333778
517,1,3,1,1 Persona,1,0,1,1,0,0,1,0,2,2,Centro,612.6962524053
519,1,2,3,3 o 4 Personas,3,0,3,1,0,0,1,0,1,2,Centro,920.6272724427
527,1,2,1,1 Persona,1,0,1,1,0,0,1,1,2,2,Centro,387.519739822
531,1,4,4,5 o mas Personas,5,0,5,1,0,1,2,0,2,2,Centro,510.1519177288
547,1,4,1,1 Persona,1,0,1,0,0,0,0,0,2,2,Centro,300.9140678553
549,1,4,1,1 Persona,1,0,1,1,0,0,1,1,1,2,Centro,253.4793379471
556,1,4,2,2 Personas,2,0,2,2,0,0,2,2,1,2,Centro,372.2673019897
561,1,4,1,1 Persona,1,0,1,1,0,0,1,1,1,2,Centro,640.368853761
567,1,4,1,1 Persona,1,0,1,0,0,0,0,0,2,2,Centro,300.9140678553
569,1,3,2,2 Personas,2,0,2,0,0,0,0,0,2,2,Centro,192.9285302786
576,1,2,2,2 Personas,2,0,2,1,0,0,1,0,1,2,Centro,622.483996322
583,1,4,1,1 Persona,1,0,1,0,0,0,0,1,2,2,Centro,513.6291847875
587,1,4,1,1 Persona,1,0,1,1,0,0,1,2,1,2,Centro,206.7857756937
591,1,3,2,2 Personas,2,0,2,0,0,0,0,0,2,2,Centro,251.171105457
600,1,4,2,2 Personas,2,0,2,0,0,2,2,0,1,2,Centro,108.8500883011
609,1,3,2,2 Personas,2,0,2,1,0,0,1,0,1,2,Centro,371.2964167625
616,1,4,1,1 Persona,1,0,1,0,0,0,0,0,2,2,Centro,400.2305336006
618,1,4,3,3 o 4 Personas,3,0,3,0,0,0,0,0,2,2,Centro,199.4069707951
631,1,4,2,2 Personas,2,0,2,1,0,0,1,0,1,2,Centro,208.9921695381
638,1,4,1,1 Persona,1,0,1,0,0,0,0,0,2,2,Centro,166.0215546788
642,1,4,3,3 o 4 Personas,3,0,3,0,0,0,0,0,2,2,Centro,246.1814454261
650,1,3,1,1 Persona,1,0,1,0,0,0,0,0,2,2,Centro,204.2320841351
654,1,4,1,1 Persona,1,0,1,1,0,0,1,1,2,2,Centro,250.5146673278
663,3,5,4,5 o mas Personas,5,0,5,3,0,0,3,4,1,2,,344.5792173348
682,1,4,2,2 Personas,2,0,2,2,0,0,2,2,1,2,Centro,300.426243711
690,1,3,3,3 o 4 Personas,4,0,4,0,0,0,0,0,2,2,Centro,879.9784821221
705,3,5,3,3 o 4 Personas,4,0,4,1,0,0,1,1,1,2,,361.4476024326
721,1,3,2,2 Personas,2,0,2,0,0,0,0,0,2,2,Centro,824.4964548697
733,3,5,3,3 o 4 Personas,4,0,4,1,0,0,1,0,1,2,,481.9301365767
749,3,5,1,1 Persona,1,0,1,2,0,0,2,2,2,2,,194.0205685319
756,1,3,2,2 Personas,2,0,2,1,0,0,1,0,1,2,Centro,647.9486488601
761,3,5,2,2 Personas,2,0,2,0,1,0,1,0,2,1,,513.4886075554
766,3,5,2,2 Personas,2,0,2,1,0,0,1,0,1,2,,220.0665460952
775,1,3,1,1 Persona,1,0,1,0,0,0,0,0,2,2,Centro,828.7678776497
781,3,5,4,5 o mas Personas,5,0,5,0,0,0,0,4,1,1,,501.2061343052
801,1,3,2,2 Personas,2,0,2,0,0,0,0,0,2,2,Centro,606.0867979506
817,1,3,3,3 o 4 Personas,4,0,4,0,0,0,0,0,2,2,Centro,481.2382324105
830,1,3,2,2 Personas,2,0,2,0,0,0,0,0,2,2,Centro,753.513316371
835,1,3,2,2 Personas,2,0,2,0,0,0,0,0,2,2,Centro,425.8988309923
838,1,4,3,3 o 4 Personas,4,2,2,1,0,0,1,0,1,2,Centro,444.6921333624
996,3,5,3,3 o 4 Personas,3,0,3,2,0,0,2,2,1,2,,476.6025038881
843,1,4,1,1 Persona,1,0,1,0,0,0,0,0,2,2,Centro,300.9140678553
847,1,3,2,2 Personas,2,0,2,0,0,0,0,0,2,2,Centro,698.9109021412
854,1,3,3,3 o 4 Personas,4,0,4,0,0,0,0,0,2,2,Centro,586.6523214147
867,1,2,4,5 o mas Personas,6,0,6,1,0,0,1,0,1,2,Centro,1206.6321616671
886,1,3,1,1 Persona,1,0,1,0,0,0,0,0,2,2,Centro,589.0171701867
890,1,4,2,2 Personas,2,0,2,2,0,0,2,2,1,2,Centro,500.7104061849
895,1,4,2,2 Personas,2,0,2,0,0,0,0,0,2,2,Centro,252.5322048585
902,1,4,3,3 o 4 Personas,3,0,3,1,0,0,1,1,1,2,Centro,499.7483342149
909,1,4,1,1 Persona,1,0,1,0,0,0,0,0,1,2,Centro,513.6291847875
928,1,4,2,2 Personas,2,0,2,2,0,0,2,2,1,2,Centro,282.4659791413
935,3,5,2,2 Personas,2,0,2,2,1,0,3,3,1,1,,410.7908860443
946,1,4,2,2 Personas,2,0,2,1,0,0,1,0,1,2,Centro,285.1872313488
956,3,5,1,1 Persona,1,0,1,0,0,0,0,0,2,2,,313.4178414745
960,1,4,3,3 o 4 Personas,4,0,4,0,0,0,0,0,2,2,Centro,458.8707231218
980,1,4,2,2 Personas,2,0,2,1,0,0,1,0,1,2,Centro,437.5773549703
991,1,4,1,1 Persona,1,0,1,0,0,0,0,0,2,2,Centro,171.9508959173
1012,3,5,2,2 Personas,2,0,2,1,0,0,1,0,1,2,,513.4886075554
1019,1,4,2,2 Personas,2,0,2,0,0,0,0,1,2,2,Centro,367.9132984576
1022,1,4,2,2 Personas,2,0,2,0,0,0,0,0,2,2,Centro,176.3371430477
1034,1,4,1,1 Persona,1,0,1,0,0,0,0,0,2,2,Centro,289.0553853782
1040,1,4,2,2 Personas,2,0,2,1,0,0,1,0,1,2,Centro,285.1872313488
1047,1,4,2,2 Personas,2,0,2,1,0,0,1,1,1,2,Centro,839.2341808013
1056,1,4,4,5 o mas Personas,5,2,3,2,0,0,2,2,2,2,Centro,294.4160321221
1078,1,3,2,2 Personas,2,0,2,1,0,0,1,0,1,2,Centro,382.2168996085
1083,1,3,1,1 Persona,1,0,1,0,0,0,0,0,2,2,Centro,473.5816443712
1087,1,4,1,1 Persona,1,0,1,0,0,0,0,0,2,2,Centro,255.7028409115
1091,1,3,2,2 Personas,2,0,2,0,0,0,0,0,2,2,Centro,192.9285302786
1094,1,2,2,2 Personas,2,0,2,0,0,0,0,0,2,2,Centro,374.5025668929
1099,1,3,4,5 o mas Personas,5,0,5,0,0,0,0,0,2,2,Centro,1133.891210713
1115,1,3,2,2 Personas,2,0,2,0,0,0,0,0,2,2,Centro,824.4964548697
1122,1,3,2,2 Personas,2,0,2,0,0,0,0,0,2,2,Centro,808.1157306008
1129,1,2,3,3 o 4 Personas,3,0,3,1,0,0,1,0,1,2,Centro,553.8733183801
1137,1,3,3,3 o 4 Personas,4,0,4,0,0,0,0,0,2,2,Centro,815.8133844673
1150,1,3,1,1 Persona,1,0,1,0,0,0,0,1,2,2,Centro,526.859579363
1154,1,3,3,3 o 4 Personas,3,1,2,0,0,0,0,0,2,2,Centro,913.0339617197
1166,1,4,1,1 Persona,1,0,1,0,0,0,0,0,2,2,Centro,194.1859255618
1172,1,4,3,3 o 4 Personas,3,0,3,1,0,0,1,1,1,2,Centro,319.4204254403
1183,1,4,1,1 Persona,1,0,1,0,0,0,0,1,2,2,Centro,148.2335309632
1189,1,4,4,5 o mas Personas,5,0,5,1,0,0,1,1,1,2,Centro,243.6546472735
1209,1,4,1,1 Persona,1,0,1,0,0,0,0,1,2,2,Este,145.2688603439
1213,1,4,3,3 o 4 Personas,4,0,4,1,0,0,1,1,1,2,Centro,603.2345461264
1255,1,4,3,3 o 4 Personas,3,0,3,1,0,0,1,1,1,2,Centro,949.0294721175
1930,1,2,3,3 o 4 Personas,4,0,4,0,1,0,1,1,2,1,Oeste,304.3020983563
1948,1,4,1,1 Persona,1,0,1,0,0,0,0,0,2,2,Centro,166.0215546788
1980,1,3,1,1 Persona,1,0,1,0,0,0,0,0,2,2,Centro,266.3896749588
2007,1,4,3,3 o 4 Personas,4,0,4,0,0,0,0,0,2,2,Centro,108.2728672535
2028,1,4,1,1 Persona,1,0,1,0,0,0,0,0,2,2,Centro,183.8095783944
2030,1,4,1,1 Persona,1,0,1,0,0,0,0,0,2,2,Centro,490.6529874882
2038,1,3,1,1 Persona,1,0,1,0,0,0,0,0,2,2,Centro,310.7879541186
2057,1,3,2,2 Personas,2,0,2,0,0,0,0,0,2,2,Centro,327.6144853787
2064,1,3,1,1 Persona,1,0,1,0,0,0,0,20,2,2,Este,239.7507074629
2068,3,9,2,2 Personas,2,0,2,0,1,0,1,1,1,2,,234.7376491682
2095,3,9,1,1 Persona,1,0,1,0,0,0,0,0,2,2,,402.9657961815
2101,1,1,3,3 o 4 Personas,4,0,4,0,1,0,1,1,2,1,Este,231.0924219229
2134,1,3,2,2 Personas,2,0,2,0,1,0,1,0,2,1,Centro,305.7735196868
2143,1,3,1,1 Persona,1,0,1,0,0,0,0,0,2,2,Centro,388.9289254399
2145,3,9,2,2 Personas,2,0,2,0,0,0,0,1,2,2,,308.0931645332
2152,1,4,2,2 Personas,2,0,2,0,0,0,0,0,2,2,Este,421.2498417251
2159,3,9,1,1 Persona,1,0,1,0,0,0,0,0,2,2,,257.4503697826
2161,3,9,2,2 Personas,2,0,2,1,0,0,1,1,2,1,,234.7376491682
2178,3,9,3,3 o 4 Personas,3,0,3,0,1,0,1,0,2,1,,253.1950801906
2192,1,4,1,1 Persona,1,0,1,0,0,0,0,3,2,2,Este,384.6660128495
2194,3,9,3,3 o 4 Personas,3,0,3,0,0,0,0,0,2,2,,700.0099275856
2252,1,4,1,1 Persona,1,0,1,0,0,0,0,0,2,2,Este,735.9794812323
2257,1,3,3,3 o 4 Personas,4,0,4,0,0,1,1,0,2,2,Centro,467.4885686273
2268,1,4,2,2 Personas,2,0,2,0,0,0,0,0,2,2,Centro,374.4443037557
2275,1,4,2,2 Personas,2,0,2,1,0,0,1,1,2,2,Centro,1231.0944986851
2280,1,4,2,2 Personas,2,0,2,2,0,0,2,2,1,2,Centro,698.8175668929
2285,1,4,3,3 o 4 Personas,4,0,4,1,0,0,1,1,1,2,Centro,443.403170657
2298,1,2,3,3 o 4 Personas,3,0,3,0,0,0,0,0,2,2,Centro,576.3276420983
2306,1,4,1,1 Persona,1,0,1,0,0,0,0,1,1,2,Este,226.7973023737
2308,1,2,3,3 o 4 Personas,3,0,3,0,0,0,0,0,2,2,Centro,785.901330134
2324,1,4,4,5 o mas Personas,7,1,6,2,0,0,2,3,1,2,Centro,145.2904697685
2360,1,3,1,1 Persona,1,0,1,0,0,0,0,0,2,2,Centro,388.9289254399
2362,1,4,3,3 o 4 Personas,3,1,2,1,1,0,2,1,1,1,Este,376.6576115019
2371,1,2,2,2 Personas,2,0,2,0,0,0,0,0,2,2,Centro,812.2657025177
2375,1,4,2,2 Personas,2,0,2,1,0,0,1,0,1,2,Centro,587.7904768258
2384,1,3,3,3 o 4 Personas,3,0,3,0,0,0,0,0,2,2,Este,425.6712389099
2392,1,4,3,3 o 4 Personas,4,0,4,2,0,0,2,1,1,2,Este,824.9361314549
2401,1,3,3,3 o 4 Personas,3,0,3,1,0,0,1,1,1,2,Centro,1381.8892393595
2418,1,4,1,1 Persona,1,0,1,0,0,0,0,0,2,2,Centro,300.9140678553
2427,1,2,3,3 o 4 Personas,3,0,3,0,0,0,0,0,2,2,Centro,1358.4865849459
2435,1,4,2,2 Personas,2,0,2,0,0,0,0,0,2,2,Centro,243.8241977944
2442,1,3,1,1 Persona,1,0,1,0,0,0,0,0,2,2,Este,156.873919698
2444,1,4,1,1 Persona,1,0,1,0,0,0,0,0,2,2,Este,384.6660128495
2448,1,4,2,2 Personas,2,0,2,1,0,0,1,0,2,2,Centro,254.7092066245
2455,1,3,3,3 o 4 Personas,3,0,3,1,0,0,1,1,1,2,Centro,357.8106066199
3030,1,2,1,1 Persona,1,0,1,1,0,0,1,1,2,2,Oeste,145.94899292
2472,1,3,1,1 Persona,1,0,1,0,0,0,0,0,2,2,Este,430.6633078501
2476,1,3,2,2 Personas,2,0,2,0,0,0,0,5,2,2,Este,138.3261160488
2479,1,4,3,3 o 4 Personas,3,0,3,1,0,1,2,0,1,2,Este,376.6576115019
2489,1,3,2,2 Personas,2,0,2,0,0,0,0,0,2,2,Este,138.3261160488
2494,3,5,3,3 o 4 Personas,3,0,3,1,1,0,2,0,1,1,,744.6914123252
2513,1,4,1,1 Persona,1,0,1,0,0,3,3,1,1,2,Este,474.3472990822
2515,1,3,2,2 Personas,2,0,2,0,0,0,0,1,2,2,Este,200.2088521759
2520,3,5,3,3 o 4 Personas,3,0,3,1,0,0,1,1,1,2,,506.3901603811
2538,1,4,1,1 Persona,1,0,1,0,0,0,0,22,2,2,Este,145.2688603439
2544,1,4,3,3 o 4 Personas,3,0,3,1,0,0,1,10,1,2,Este,787.7806253635
2558,3,5,1,1 Persona,1,0,1,0,0,0,0,2,2,2,,324.6113358129
2563,1,3,1,1 Persona,1,0,1,1,0,0,1,1,1,2,Este,162.7936902526
2569,3,9,3,3 o 4 Personas,3,0,3,0,0,0,0,0,2,1,,565.9654733671
2577,1,4,2,2 Personas,2,0,2,0,1,0,1,0,2,1,Este,470.2323814606
2586,1,4,2,2 Personas,2,0,2,1,0,0,1,21,1,2,Este,1080.8813768296
2589,1,4,3,3 o 4 Personas,3,0,3,1,1,0,2,0,1,1,Este,132.9379805301
2599,3,9,4,5 o mas Personas,5,1,4,0,0,0,0,0,2,1,,328.9165256378
2619,1,3,3,3 o 4 Personas,4,0,4,0,0,0,0,1,1,1,Este,632.4845340252
2630,3,9,3,3 o 4 Personas,4,0,4,1,0,0,1,1,1,2,,525.7419671746
2647,1,4,2,2 Personas,2,0,2,0,0,0,0,15,2,2,Este,213.3461730701
2656,1,3,3,3 o 4 Personas,4,0,4,0,0,0,0,0,2,2,Este,481.2382324105
2665,3,9,2,2 Personas,2,0,2,1,0,0,1,1,1,2,,264.0798553142
2672,3,9,1,1 Persona,1,0,1,0,0,0,0,0,2,2,,526.0942339037
2674,3,9,1,1 Persona,1,0,1,0,0,0,0,0,2,2,,425.3527848583
2678,1,3,1,1 Persona,1,0,1,0,0,0,0,0,1,2,Este,156.873919698
2682,1,4,3,3 o 4 Personas,3,0,3,0,0,0,0,10,2,2,Este,1174.2854946824
2692,3,9,1,1 Persona,1,0,1,0,0,0,0,0,2,2,,1917.8186966418
2696,1,4,1,1 Persona,1,0,1,0,0,0,0,5,2,2,Este,320.1844268805
2707,3,9,3,3 o 4 Personas,3,0,3,1,0,0,1,1,1,2,,2551.8092395675
2736,1,3,1,1 Persona,1,0,1,0,0,0,0,1,2,2,Este,165.7535755299
2740,1,3,2,2 Personas,2,0,2,0,0,0,0,0,2,2,Este,1070.2073189038
2743,1,4,3,3 o 4 Personas,4,0,4,1,0,0,1,1,1,2,Centro,301.6172730632
2754,1,4,3,3 o 4 Personas,4,0,4,1,0,0,1,1,1,2,Centro,541.3643362673
2765,1,3,4,5 o mas Personas,5,0,5,1,0,0,1,1,2,2,Centro,307.6890722538
2779,1,3,3,3 o 4 Personas,4,1,3,1,0,0,1,0,1,1,Centro,316.2422670126
2790,1,3,3,3 o 4 Personas,3,0,3,1,0,0,1,0,1,2,Centro,378.3744345865
2809,1,3,2,2 Personas,2,0,2,0,0,0,0,0,2,2,Centro,582.4257517844
2812,1,3,2,2 Personas,2,0,2,0,0,0,0,0,2,2,Centro,633.3880050655
2817,1,4,2,2 Personas,2,0,2,1,1,0,2,2,1,1,Centro,200.284162474
2827,1,3,1,1 Persona,1,0,1,0,0,0,0,0,2,2,Centro,515.0200382537
2831,1,3,1,1 Persona,1,0,1,1,0,0,1,0,1,2,Centro,994.5214531796
2839,1,3,2,2 Personas,2,0,2,0,0,0,0,0,2,2,Centro,724.3920287818
2844,1,4,4,5 o mas Personas,6,2,4,0,0,1,1,0,1,2,Centro,996.8540564674
2870,1,3,3,3 o 4 Personas,4,0,4,1,0,0,1,0,1,2,Centro,733.3154017684
2883,1,3,2,2 Personas,2,0,2,1,0,0,1,1,1,2,Centro,334.894807276
2894,1,3,2,2 Personas,2,0,2,1,0,0,1,0,1,2,Centro,2151.3351206535
2903,1,2,2,2 Personas,2,0,2,0,0,0,0,0,2,2,Centro,918.5434579873
2911,1,2,1,1 Persona,1,0,1,0,0,0,0,0,2,2,Centro,1464.5226530934
2913,1,4,3,3 o 4 Personas,3,0,3,1,0,0,1,1,1,2,Este,280.6468477857
2926,1,2,2,2 Personas,2,0,2,0,0,0,0,0,2,2,Centro,258.1031204262
2929,1,4,3,3 o 4 Personas,4,0,4,1,0,0,1,1,1,2,Este,150.8086365316
2942,1,4,2,2 Personas,2,0,2,1,1,0,2,0,1,1,Este,163.2751324516
2970,1,3,1,1 Persona,1,0,1,1,0,0,1,0,1,2,Centro,115.4355258155
2980,1,4,1,1 Persona,1,0,1,1,0,0,1,1,1,1,Centro,515.8526877519
2987,1,4,2,2 Personas,2,0,2,2,0,0,2,2,1,2,Este,417.9843390761
2994,1,3,1,1 Persona,1,0,1,0,0,0,0,0,2,2,Centro,257.5100191269
2996,1,3,2,2 Personas,2,0,2,0,0,0,0,0,2,2,Centro,112.8449894082
3001,1,4,3,3 o 4 Personas,3,0,3,1,0,0,1,1,1,2,Este,144.0161455743
3011,1,2,2,2 Personas,2,0,2,0,0,0,0,0,2,2,Centro,516.2062408524
3019,1,1,2,2 Personas,2,0,2,1,0,0,1,1,1,2,Centro,757.8213303647
3028,1,3,1,1 Persona,1,0,1,0,0,0,0,1,2,2,Este,266.3896749588
3034,1,3,3,3 o 4 Personas,4,0,4,1,0,0,1,3,1,2,Este,1326.8425550747
3068,1,2,1,1 Persona,1,0,1,0,0,0,0,0,2,2,Centro,528.4360088481
3070,1,3,3,3 o 4 Personas,3,0,3,1,0,0,1,0,1,2,Este,1209.1530844396
3096,3,9,2,2 Personas,2,0,2,0,1,0,1,1,2,1,,5692.3879923281
3104,3,10,3,3 o 4 Personas,3,0,3,2,0,0,2,0,1,1,,297.8765649301
3112,3,9,1,1 Persona,1,0,1,0,0,0,0,0,2,2,,268.643864121
3118,3,9,1,1 Persona,1,0,1,0,0,0,0,0,2,2,,179.095909414
3124,1,3,2,2 Personas,2,0,2,0,0,0,0,0,2,2,Centro,478.3171486529
3134,3,9,3,3 o 4 Personas,3,0,3,1,0,0,1,1,1,2,,342.5580496696
3150,1,3,4,5 o mas Personas,5,1,4,1,0,0,1,0,1,2,Este,319.0849638187
3165,3,9,1,1 Persona,1,0,1,0,0,0,0,0,2,2,,1917.8186966418
1289,1,4,4,5 o mas Personas,5,1,4,2,0,0,2,2,1,2,Centro,329.3144842055
1308,1,4,4,5 o mas Personas,5,1,4,1,0,0,1,2,1,2,Centro,253.8069242432
1324,1,3,3,3 o 4 Personas,3,0,3,1,0,0,1,0,1,2,Centro,1073.4318198596
1338,1,3,3,3 o 4 Personas,3,0,3,0,0,0,0,0,2,2,Centro,526.4339959465
1343,1,2,2,2 Personas,2,0,2,1,0,0,1,0,1,2,Centro,2019.2773539226
1353,1,2,1,1 Persona,1,0,1,0,0,0,0,0,2,2,Centro,619.0250389364
1357,1,3,3,3 o 4 Personas,3,0,3,0,0,0,0,0,2,1,Centro,573.7308002698
1367,1,3,1,1 Persona,1,0,1,0,0,0,0,0,2,2,Centro,828.7678776497
1377,1,3,3,3 o 4 Personas,3,0,3,1,1,0,2,2,1,1,Centro,573.7308002698
1390,1,4,3,3 o 4 Personas,4,0,4,1,0,0,1,0,1,2,Centro,244.9029140257
1402,1,4,3,3 o 4 Personas,3,0,3,1,0,0,1,0,2,2,Centro,499.7483342149
1406,1,4,2,2 Personas,2,0,2,1,0,0,1,0,2,1,Centro,208.9921695381
1413,1,3,1,1 Persona,1,0,1,0,0,0,0,0,2,2,Centro,828.7678776497
1417,1,4,2,2 Personas,2,0,2,0,0,0,0,1,2,2,Centro,293.8952384129
1423,1,4,1,1 Persona,1,0,1,0,0,0,0,0,2,2,Centro,142.3041897247
1427,1,4,3,3 o 4 Personas,3,0,3,0,0,0,0,0,2,2,Centro,332.3449513252
1440,1,3,1,1 Persona,1,0,1,0,0,0,0,0,2,2,Centro,310.7879541186
1455,1,3,1,1 Persona,1,0,1,0,0,0,0,0,2,2,Centro,355.1862332784
1460,1,3,1,1 Persona,1,0,1,0,0,0,0,0,2,2,Centro,310.7879541186
1464,1,3,3,3 o 4 Personas,4,0,4,0,0,0,0,0,1,2,Centro,549.9865513263
1519,1,2,2,2 Personas,2,0,2,1,0,0,1,1,2,2,Oeste,126.5211374638
1522,1,2,4,5 o mas Personas,5,0,5,0,0,0,0,0,2,2,Oeste,1921.1030305712
1663,3,5,3,3 o 4 Personas,3,0,3,1,0,1,2,2,1,2,,218.442814282
1682,1,4,2,2 Personas,2,0,2,0,0,0,0,0,2,2,Centro,293.8952384129
1700,1,4,3,3 o 4 Personas,4,0,4,2,0,0,2,2,1,2,Centro,634.169651056
1732,1,4,2,2 Personas,2,0,2,0,0,0,0,2,2,1,Centro,720.5875845531
1741,1,4,1,1 Persona,1,0,1,0,0,0,0,0,1,2,Centro,177.8802371558
1783,1,4,3,3 o 4 Personas,4,1,3,1,0,0,1,0,2,2,Centro,270.6821681336
1798,1,4,1,1 Persona,1,0,1,0,0,0,0,0,2,2,Centro,177.8802371558
1815,1,4,2,2 Personas,2,0,2,1,0,0,1,1,1,2,Centro,269.9482189867
1821,1,4,2,2 Personas,2,0,2,0,0,0,0,0,2,2,Centro,720.5875845531
1837,1,3,1,1 Persona,1,0,1,0,0,0,0,0,2,2,Centro,457.302275346
3442,1,3,3,3 o 4 Personas,4,0,4,1,0,0,1,1,1,2,Centro,210.8281780084
3457,1,2,3,3 o 4 Personas,4,0,4,1,1,1,3,1,2,2,Oeste,791.1854557263
3501,1,4,3,3 o 4 Personas,4,0,4,2,0,0,2,1,1,2,Centro,162.4093008802
4074,1,3,3,3 o 4 Personas,3,1,2,0,0,0,0,0,2,2,Oeste,172.7361549199
4083,1,1,2,2 Personas,2,0,2,0,0,0,0,0,2,2,Este,442.8420942872
4094,1,1,3,3 o 4 Personas,3,0,3,0,0,0,0,0,2,2,Este,580.2423786069
4108,1,2,2,2 Personas,2,0,2,0,0,0,0,1,2,2,Este,607.3014598263
4115,1,2,3,3 o 4 Personas,3,0,3,0,0,0,0,0,1,2,Este,718.5383589796
4125,1,2,3,3 o 4 Personas,3,0,3,0,0,0,0,6,2,2,Este,898.1729487246
4967,3,5,1,1 Persona,1,0,1,0,0,0,0,0,2,2,,962.6405131003
4982,1,2,1,1 Persona,1,0,1,0,0,0,0,1,2,2,Oeste,94.3635730086
4984,3,5,3,3 o 4 Personas,3,0,3,1,0,0,1,0,2,2,,377.3103155781
5020,3,5,3,3 o 4 Personas,3,0,3,0,1,0,1,0,2,1,,327.6642214231
5034,1,3,1,1 Persona,1,0,1,0,0,0,0,0,2,2,Este,137.6346653954
5039,1,2,1,1 Persona,1,0,1,0,0,0,0,0,2,2,Centro,226.4725752206
5085,16,48,3,3 o 4 Personas,4,1,3,0,0,0,0,0,2,1,,429.8083809106
5097,1,4,2,2 Personas,2,0,2,0,0,0,0,0,2,2,Centro,333.0812702013
5108,1,4,3,3 o 4 Personas,3,0,3,0,0,0,0,0,2,2,Este,790.2424398177
5114,1,3,1,1 Persona,1,0,1,0,0,0,0,0,2,2,Este,165.7535755299
5116,1,4,1,1 Persona,1,0,1,0,0,0,0,0,2,2,Este,286.8318824138
5118,1,4,3,3 o 4 Personas,3,0,3,0,0,0,0,0,2,2,Centro,457.8974884925
5885,3,5,4,5 o mas Personas,5,1,4,2,0,0,2,3,1,2,,485.5434426082
5901,1,3,3,3 o 4 Personas,4,1,3,1,0,0,1,2,1,2,Este,252.0771693579
5902,1,2,3,3 o 4 Personas,3,1,2,0,1,0,1,0,1,1,Este,1234.9878044963
5916,3,5,3,3 o 4 Personas,4,1,3,0,1,0,1,1,2,1,,635.2715436693
5966,1,4,2,2 Personas,2,0,2,2,0,0,2,1,2,2,Centro,459.3473726305
5973,1,2,2,2 Personas,2,0,2,1,0,0,1,1,2,1,Este,835.0395072612
6878,1,4,1,1 Persona,1,0,1,0,0,0,0,0,2,2,Centro,164.5392193691
5987,1,3,2,2 Personas,2,0,2,1,0,0,1,1,1,2,Oeste,116.4851503569
5996,1,2,1,1 Persona,1,0,1,0,0,0,0,0,2,2,Este,732.2613265467
6003,1,1,2,2 Personas,2,0,2,0,0,0,0,1,2,2,Este,121.6256456141
6008,3,5,3,3 o 4 Personas,4,0,4,2,0,0,2,0,2,2,,460.0242212778
6028,3,5,2,2 Personas,2,0,2,1,0,0,1,1,1,2,,410.7908860443
6070,3,5,1,1 Persona,1,0,1,0,0,0,0,0,2,2,,458.9332678734
6072,3,5,3,3 o 4 Personas,4,0,4,0,0,0,0,0,2,2,,1708.6613933175
6085,1,4,1,1 Persona,1,0,1,0,0,0,0,1,2,2,Centro,120.0691600802
6343,1,4,1,1 Persona,1,0,1,0,0,0,0,0,2,2,Este,53.3640711467
6868,1,2,3,3 o 4 Personas,4,0,4,0,0,0,0,4,2,2,Oeste,628.8910032696
6871,1,3,2,2 Personas,2,0,2,0,0,0,0,0,2,2,Oeste,546.0241422978
6872,1,3,1,1 Persona,1,0,1,0,0,1,1,0,2,2,Centro,159.8338049753
6873,1,2,1,1 Persona,1,0,1,0,0,0,0,0,2,2,Centro,256.6689185834
6874,1,3,2,2 Personas,2,0,2,0,0,0,0,0,2,2,Oeste,365.8361753395
6876,3,5,3,3 o 4 Personas,4,0,4,0,0,0,0,1,2,2,,898.1425272566
6877,1,2,2,2 Personas,2,0,2,1,0,0,1,0,1,2,Oeste,1115.9164324309
6895,3,5,2,2 Personas,2,0,2,0,0,0,0,0,2,2,,176.0532368761
6896,1,1,3,3 o 4 Personas,3,1,2,0,0,0,0,0,2,2,Oeste,233.358347918
6899,1,4,3,3 o 4 Personas,3,0,3,1,0,0,1,1,1,2,Centro,406.199384953
6900,1,2,2,2 Personas,2,0,2,1,0,0,1,1,2,2,Oeste,364.3808758958
6901,1,2,2,2 Personas,2,0,2,0,0,0,0,0,2,2,Centro,197.3729744436
7011,1,4,2,2 Personas,2,0,2,1,0,1,2,1,1,2,Centro,339.6122754993
7013,1,4,3,3 o 4 Personas,4,1,3,1,0,0,1,1,1,2,Centro,1001.5240220945
7014,1,2,1,1 Persona,1,0,1,0,0,0,0,0,2,2,Oeste,1109.7156185811
7016,1,2,3,3 o 4 Personas,4,0,4,0,1,0,1,0,2,1,Este,273.8718885206
7017,1,2,4,5 o mas Personas,6,0,6,1,0,1,2,2,2,2,Oeste,1785.4894824668
7018,1,4,3,3 o 4 Personas,3,0,3,1,0,0,1,1,1,2,Centro,867.7895951269
7019,1,4,1,1 Persona,1,0,1,0,0,0,0,0,2,2,Centro,130.4455072476
7020,1,3,4,5 o mas Personas,5,1,4,1,0,1,2,1,1,2,Este,313.3870180362
7021,1,4,1,1 Persona,1,0,1,1,0,0,1,1,1,2,Centro,226.7973023737
7022,1,3,2,2 Personas,2,0,2,1,1,0,2,0,1,1,Oeste,365.8361753395
7023,1,3,1,1 Persona,1,0,1,1,0,0,1,0,2,2,Centro,210.1518546897
7024,3,5,4,5 o mas Personas,5,1,4,0,1,1,2,2,1,2,,187.9523003645
7026,3,5,2,2 Personas,2,0,2,0,0,0,0,1,2,2,,454.8041952633
7028,1,1,3,3 o 4 Personas,4,0,4,0,1,0,1,2,2,1,Este,266.6451022187
7034,1,1,3,3 o 4 Personas,4,0,4,2,0,0,2,0,2,2,Este,97.7698708135
7080,3,5,1,1 Persona,1,0,1,0,0,0,0,0,2,2,,373.1164779459
7081,1,2,2,2 Personas,2,0,2,0,1,0,1,0,2,2,Oeste,334.0158029045
7082,16,5,3,3 o 4 Personas,3,2,1,0,0,0,0,0,2,2,,63.4212978119
7084,16,5,2,2 Personas,2,0,2,0,0,0,0,1,2,2,,893.6364547264
3640,1,4,3,3 o 4 Personas,4,0,4,4,0,1,5,0,1,2,Centro,1044.0597913726
3709,1,3,2,2 Personas,2,0,2,0,0,0,0,0,1,2,Centro,338.5349682247
3714,1,4,1,1 Persona,1,0,1,0,0,0,0,1,2,2,Centro,149.7158662728
3716,1,3,2,2 Personas,2,0,2,0,0,0,0,1,1,2,Este,192.9285302786
3736,1,4,2,2 Personas,2,0,2,0,0,0,0,0,2,2,Centro,359.2052913935
3744,1,3,4,5 o mas Personas,5,0,5,0,0,0,0,0,2,2,Centro,370.366475861
3759,1,4,1,1 Persona,1,0,1,0,0,0,0,1,2,2,Centro,564.7697529698
3765,1,4,1,1 Persona,1,0,1,0,0,0,0,1,2,2,Centro,444.7005928896
3768,16,5,3,3 o 4 Personas,4,1,3,1,1,0,2,1,1,1,,353.9598431029
3783,1,2,3,3 o 4 Personas,3,0,3,0,1,0,1,1,2,1,Este,123.4987804496
3890,1,1,1,1 Persona,1,0,1,0,0,0,0,0,2,2,Oeste,408.9689267116
3935,3,5,1,1 Persona,1,0,1,1,0,0,1,1,2,2,,212.6763924291
3951,1,4,3,3 o 4 Personas,3,0,3,0,0,0,0,0,2,2,Centro,240.7654536267
3964,1,1,1,1 Persona,1,0,1,0,0,0,0,0,2,2,Oeste,277.6683765568
3966,1,2,2,2 Personas,2,0,2,0,0,0,0,0,2,2,Este,227.7380474349
3972,1,1,3,3 o 4 Personas,3,1,2,0,0,0,0,0,2,2,Oeste,599.1633257354
3979,1,2,3,3 o 4 Personas,4,0,4,0,2,0,2,2,2,1,Este,202.8680655708
3992,1,1,2,2 Personas,2,0,2,1,0,0,1,3,1,2,Oeste,149.6931022943
3997,1,4,4,5 o mas Personas,5,0,5,1,0,0,1,1,1,2,Centro,651.0147606838
4018,1,1,3,3 o 4 Personas,3,0,3,0,1,0,1,0,2,1,Oeste,195.516453661
4028,1,3,2,2 Personas,2,0,2,1,0,0,1,2,1,2,Oeste,174.7277255353
4031,1,1,4,5 o mas Personas,5,0,5,0,0,0,0,2,2,2,Este,887.0834577828
4046,1,2,1,1 Persona,1,0,1,1,0,0,1,0,1,2,Este,135.8835451324
4054,1,4,1,1 Persona,1,0,1,0,0,0,0,1,2,2,Centro,607.0163092943
4069,1,4,1,1 Persona,1,0,1,0,0,0,0,0,2,2,Centro,144.972393282
5003,1,1,4,5 o mas Personas,5,3,2,0,1,0,1,1,2,2,Este,882.262352034
5013,1,2,4,5 o mas Personas,5,0,5,0,0,1,1,2,1,2,Oeste,213.4558922857
6107,1,1,4,5 o mas Personas,5,0,5,0,0,0,0,0,2,2,Este,1359.5518211671
6127,3,5,1,1 Persona,1,0,1,0,0,0,0,0,2,2,,246.2568754443
6129,3,5,3,3 o 4 Personas,3,0,3,0,0,0,0,0,2,2,,287.9473460991
6137,1,3,3,3 o 4 Personas,3,0,3,1,0,0,1,1,1,2,Este,287.8935915332
6149,1,4,2,2 Personas,2,0,2,1,0,0,1,1,1,2,Centro,459.3473726305
6160,3,10,3,3 o 4 Personas,3,0,3,1,0,0,1,1,1,2,,104.2567977255
6177,3,5,4,5 o mas Personas,5,0,5,1,0,0,1,1,2,1,,219.2776837585
6208,1,3,1,1 Persona,1,0,1,0,0,0,0,0,1,2,Este,189.4326577485
6214,3,5,3,3 o 4 Personas,3,0,3,0,0,0,0,0,2,2,,317.7350025921
6222,1,3,1,1 Persona,1,0,1,0,0,0,0,0,2,2,Este,189.4326577485
6226,1,1,4,5 o mas Personas,5,0,5,0,0,0,0,0,2,2,Este,470.0578105099
6242,1,3,3,3 o 4 Personas,3,1,2,0,0,0,0,0,2,1,Este,197.4127484799
6250,1,4,1,1 Persona,1,0,1,0,0,0,0,1,2,2,Centro,144.972393282
6257,3,5,1,1 Persona,1,0,1,1,1,0,2,1,2,1,,358.191818828
6263,1,2,3,3 o 4 Personas,3,0,3,0,0,0,0,0,2,2,Este,284.4214337628
6865,1,3,3,3 o 4 Personas,3,0,3,2,0,0,2,2,1,2,Oeste,94.5936086466
6866,1,3,1,1 Persona,1,0,1,0,0,0,0,0,2,2,Oeste,571.2578585228
6961,1,3,2,2 Personas,2,0,2,1,1,0,2,1,2,1,Este,844.5173400873
6963,1,1,4,5 o mas Personas,6,2,4,0,1,0,1,0,2,2,Este,545.7057519964
7035,16,5,4,5 o mas Personas,5,1,4,0,1,0,1,1,2,2,,209.9780886265
7036,1,3,3,3 o 4 Personas,3,0,3,0,0,0,0,0,2,2,Oeste,351.6414582299
7112,1,3,3,3 o 4 Personas,3,0,3,1,0,0,1,1,1,2,Oeste,185.0744516999
7086,1,3,2,2 Personas,2,0,2,1,0,0,1,1,1,2,Oeste,189.2883693299
7087,3,5,3,3 o 4 Personas,3,0,3,0,0,0,0,0,2,2,,496.4609415501
7088,16,5,2,2 Personas,2,0,2,0,0,0,0,0,2,1,,540.8852225975
7089,1,4,4,5 o mas Personas,5,0,5,1,0,0,1,1,1,2,Este,368.0200401526
7090,3,5,2,2 Personas,2,0,2,0,0,0,0,0,2,1,,132.0399276571
7093,3,5,4,5 o mas Personas,6,1,5,0,1,0,1,0,2,1,,822.5457621883
7094,3,5,1,1 Persona,1,0,1,0,0,0,0,0,2,2,,134.3219320605
7095,3,5,1,1 Persona,1,0,1,0,0,0,0,0,2,1,,335.8048301513
7096,1,3,3,3 o 4 Personas,3,0,3,1,0,0,1,1,1,2,Oeste,324.9084818732
7105,1,3,3,3 o 4 Personas,3,0,3,1,0,0,1,1,1,2,Oeste,324.9084818732
7106,3,5,3,3 o 4 Personas,3,0,3,0,1,0,1,1,2,1,,317.7350025921
7107,1,1,2,2 Personas,2,0,2,0,0,0,0,0,2,2,Este,159.0489211876
7108,3,5,2,2 Personas,2,0,2,0,0,0,0,0,2,2,,283.6413260782
7109,1,3,2,2 Personas,2,0,2,1,0,0,1,1,1,2,Oeste,163.8072426894
7110,1,2,1,1 Persona,1,0,1,0,0,0,0,0,2,2,Oeste,301.9634336275
7111,1,2,2,2 Personas,2,0,2,0,0,0,0,0,2,2,Oeste,334.0158029045
7113,1,4,1,1 Persona,1,0,1,0,0,0,0,0,2,2,Centro,130.4455072476
7114,1,1,4,5 o mas Personas,6,1,5,0,0,0,0,0,2,2,Oeste,220.6678997144
7116,1,4,3,3 o 4 Personas,4,0,4,1,0,0,1,1,1,2,Este,580.0332174292
7117,1,2,2,2 Personas,2,0,2,0,0,0,0,0,2,2,Oeste,303.6507299132
7118,1,3,2,2 Personas,2,0,2,0,1,0,1,0,1,2,Centro,222.0498178678
7119,1,3,1,1 Persona,1,0,1,0,0,0,0,0,2,2,Centro,180.5530019165
3173,3,10,2,2 Personas,2,0,2,0,1,0,1,0,2,1,,352.1064737523
3686,1,4,2,2 Personas,2,0,2,0,0,0,0,0,1,2,Centro,891.4822231858
3695,1,2,3,3 o 4 Personas,3,0,3,0,0,0,0,0,2,2,Oeste,381.7235032079
4163,1,4,1,1 Persona,1,0,1,1,0,0,1,1,1,2,Centro,100.798801055
4173,1,2,3,3 o 4 Personas,4,1,3,0,0,0,0,0,2,2,Este,263.7284852421
4182,1,2,3,3 o 4 Personas,4,0,4,0,0,0,0,1,2,2,Este,243.441678685
4204,1,4,1,1 Persona,1,0,1,0,0,0,0,0,2,2,Este,195.6682608714
4208,1,4,4,5 o mas Personas,5,0,5,0,0,0,0,0,2,2,Este,1176.3950938671
4216,1,3,3,3 o 4 Personas,3,0,3,0,0,0,0,0,1,2,Este,185.0744516999
4222,1,4,3,3 o 4 Personas,4,1,3,0,0,0,0,0,2,2,Este,340.2861542252
4228,1,4,2,2 Personas,2,0,2,1,0,0,1,0,1,2,Centro,148.0361200895
4238,1,3,1,1 Persona,1,0,1,0,0,0,0,0,2,2,Este,288.5888145387
4240,1,3,3,3 o 4 Personas,3,0,3,0,0,0,0,0,2,2,Este,400.9946453499
4248,1,3,1,1 Persona,1,0,1,1,0,0,1,0,1,2,Este,133.1948374794
4252,1,4,3,3 o 4 Personas,4,1,3,0,0,0,0,0,2,2,Este,183.0327041666
4265,1,3,3,3 o 4 Personas,4,0,4,0,0,0,0,0,2,2,Este,307.0758244905
4274,1,4,2,2 Personas,2,0,2,1,0,0,1,0,1,2,Este,54.4250441505
4279,1,4,3,3 o 4 Personas,3,0,3,2,0,0,2,2,1,2,Este,206.7924141579
4289,1,4,2,2 Personas,2,0,2,1,0,0,1,1,1,2,Este,54.4250441505
4296,1,4,3,3 o 4 Personas,3,0,3,2,0,0,2,2,1,2,Este,155.0943106184
4724,3,5,3,3 o 4 Personas,3,1,2,0,1,0,1,0,2,1,,178.725938958
4733,1,4,3,3 o 4 Personas,3,0,3,2,0,0,2,2,1,2,Este,88.6253203534
4755,1,3,3,3 o 4 Personas,3,0,3,1,0,0,1,1,1,2,Oeste,197.4127484799
4762,1,4,1,1 Persona,1,0,1,1,0,0,1,1,1,2,Centro,471.382628463
4765,1,3,3,3 o 4 Personas,3,0,3,0,0,0,0,0,2,2,Este,598.4073938298
4773,1,3,2,2 Personas,2,0,2,0,0,0,0,0,2,2,Centro,649.7687293344
4776,3,5,2,2 Personas,2,0,2,0,1,0,1,0,2,1,,1173.6882458409
4783,1,2,3,3 o 4 Personas,4,1,3,0,0,0,0,0,2,1,Este,527.4569704842
4802,1,4,1,1 Persona,1,0,1,0,1,0,1,1,2,1,Centro,231.2443083026
4812,1,4,2,2 Personas,2,0,2,1,0,0,1,1,1,2,Centro,408.187831129
4820,1,4,3,3 o 4 Personas,4,0,4,1,0,0,1,1,1,2,Centro,252.1211051759
4837,3,5,4,5 o mas Personas,5,0,5,0,1,1,2,0,1,1,,297.5911422437
4851,1,4,1,1 Persona,1,0,1,1,0,0,1,1,1,2,Centro,188.2565843233
4858,1,4,3,3 o 4 Personas,4,2,2,0,0,0,0,0,2,2,Centro,121.1624943074
4870,1,4,1,1 Persona,1,0,1,0,0,0,0,0,2,2,Centro,380.2190069206
4875,3,5,3,3 o 4 Personas,4,0,4,0,0,0,0,1,2,2,,2234.4033604921
4882,1,1,4,5 o mas Personas,7,0,7,1,1,0,2,0,1,1,Este,1663.9552437924
4916,1,4,1,1 Persona,1,0,1,1,0,0,1,0,1,2,Centro,431.3595751029
4932,1,2,3,3 o 4 Personas,4,0,4,0,0,1,1,2,1,2,Oeste,426.0229376988
4939,1,4,1,1 Persona,1,0,1,0,0,0,0,1,2,2,Centro,188.2565843233
4943,1,3,1,1 Persona,1,0,1,0,0,0,0,0,2,2,Oeste,452.86244743
4946,3,5,3,3 o 4 Personas,3,0,3,0,1,0,1,0,1,2,,3812.8200311048
4958,1,3,2,2 Personas,2,0,2,1,0,0,1,0,1,2,Centro,422.2586700437
5573,1,4,3,3 o 4 Personas,3,1,2,0,0,0,0,1,1,2,Centro,716.3880061899
4964,3,5,2,2 Personas,2,0,2,0,0,0,0,0,2,2,,371.6679445163
5232,1,3,2,2 Personas,2,0,2,0,0,0,0,0,2,2,Centro,371.2964167625
5235,1,1,3,3 o 4 Personas,3,0,3,0,0,1,1,1,1,2,Este,529.7865195976
5269,1,3,1,1 Persona,1,0,1,1,0,0,1,1,1,2,Centro,103.5959847062
5273,1,2,2,2 Personas,2,0,2,0,0,0,0,3,2,2,Oeste,364.3808758958
5278,1,1,1,1 Persona,1,0,1,0,0,0,0,0,2,2,Este,154.9776985433
5286,1,4,2,2 Personas,2,0,2,1,0,0,1,4,1,2,Centro,133.8856086103
5301,3,5,2,2 Personas,2,0,2,1,0,0,1,1,1,2,,283.6413260782
5309,1,1,2,2 Personas,2,0,2,0,0,0,0,0,2,2,Oeste,318.0978423753
5314,1,1,2,2 Personas,2,0,2,0,0,0,0,0,2,2,Este,112.2698267207
5329,1,1,2,2 Personas,2,0,2,0,0,0,0,0,2,2,Oeste,1001.0726215929
5339,1,3,3,3 o 4 Personas,3,0,3,0,0,0,0,0,2,2,Centro,292.0063571266
5343,1,1,1,1 Persona,1,0,1,0,0,0,0,0,2,2,Oeste,142.0628903314
5345,1,1,2,2 Personas,2,0,2,0,0,0,0,0,2,2,Este,261.962929015
5457,1,4,1,1 Persona,1,0,1,0,0,0,0,0,2,2,Centro,166.0215546788
5459,1,1,4,5 o mas Personas,5,0,5,0,1,0,1,1,2,1,Este,650.8492760906
5467,1,2,3,3 o 4 Personas,3,0,3,0,0,0,0,0,2,2,Este,314.3605320536
5540,3,5,3,3 o 4 Personas,4,1,3,0,1,1,2,3,1,1,,460.0242212778
5583,3,5,2,2 Personas,2,0,2,0,0,0,0,1,2,2,,733.5551536505
5590,3,5,3,3 o 4 Personas,3,0,3,0,0,0,0,0,2,2,,148.938282465
5600,1,3,1,1 Persona,1,0,1,0,0,0,0,0,2,2,Oeste,94.7163288742
5606,3,10,2,2 Personas,2,0,2,0,1,0,1,0,2,1,,1115.0038335488
5613,1,3,3,3 o 4 Personas,4,0,4,0,0,0,0,0,2,2,Oeste,572.9026576315
5643,1,3,2,2 Personas,2,0,2,1,0,0,1,0,1,2,Oeste,116.4851503569
5648,16,5,4,5 o mas Personas,5,1,4,0,0,0,0,0,2,2,,209.9780886265
5660,16,5,4,5 o mas Personas,5,1,4,0,0,0,0,2,2,2,,193.8259279629
5684,1,2,3,3 o 4 Personas,3,0,3,0,1,0,1,0,2,1,Este,254.482335472
5695,1,2,4,5 o mas Personas,5,1,4,1,1,0,2,0,1,2,Este,1149.8157397789
5704,16,48,3,3 o 4 Personas,3,0,3,1,1,0,2,3,1,1,,1712.3750409205
5721,1,3,3,3 o 4 Personas,3,0,3,0,0,0,0,0,2,2,Este,238.5404044133
3317,1,2,1,1 Persona,1,0,1,0,0,0,0,1,2,2,Este,226.4725752206
3323,1,3,2,2 Personas,2,0,2,0,0,0,0,0,2,2,Este,606.0867979506
3357,1,1,3,3 o 4 Personas,4,1,3,0,0,0,0,0,2,2,Este,288.8655274036
3374,1,4,1,1 Persona,1,0,1,1,0,0,1,0,2,2,Este,226.7973023737
3378,3,5,2,2 Personas,2,0,2,0,0,0,0,0,2,2,,146.7110307301
5725,16,5,3,3 o 4 Personas,3,0,3,0,0,0,0,0,2,1,,380.5277868712
5733,1,2,3,3 o 4 Personas,4,0,4,1,1,0,2,0,1,1,Este,1906.9598163659
5754,1,2,1,1 Persona,1,0,1,0,0,0,0,0,2,2,Este,171.1126123889
5756,1,3,3,3 o 4 Personas,4,0,4,0,0,0,0,3,2,2,Centro,446.8640729526
5770,16,5,1,1 Persona,1,0,1,0,0,0,0,0,2,2,,826.3217841161
5777,1,3,1,1 Persona,1,0,1,0,0,0,0,0,2,2,Centro,301.9082982867
5779,1,3,2,2 Personas,2,0,2,0,0,0,0,0,2,2,Este,196.5686912272
5786,16,5,1,1 Persona,1,0,1,0,0,0,0,0,2,2,,826.3217841161
5792,1,3,2,2 Personas,2,0,2,0,0,0,0,0,2,2,Este,211.1293350218
5799,16,48,2,2 Personas,2,0,2,1,0,0,1,1,1,2,,344.9123158593
5806,1,3,2,2 Personas,2,0,2,0,0,0,0,2,2,2,Centro,278.4723125719
5809,1,2,2,2 Personas,2,0,2,0,0,0,0,0,2,2,Este,172.0687469508
5816,1,3,3,3 o 4 Personas,3,0,3,1,0,0,1,1,1,2,Centro,314.6265678899
5828,3,5,3,3 o 4 Personas,3,0,3,0,0,0,0,0,2,2,,253.1950801906
5839,1,3,1,1 Persona,1,0,1,0,0,0,0,0,2,2,Oeste,313.7478393959
5843,3,5,1,1 Persona,1,0,1,1,0,0,1,1,2,2,,149.2465911783
5850,1,3,4,5 o mas Personas,5,0,5,1,0,0,1,1,1,2,Centro,1965.7912949547
5879,1,1,2,2 Personas,2,0,2,0,0,0,0,0,2,2,Este,439.7234879894
5925,3,9,3,3 o 4 Personas,4,0,4,1,0,0,1,1,1,2,,460.0242212778
5947,1,3,1,1 Persona,1,0,1,0,0,0,0,0,2,2,Oeste,278.2292160681
5951,3,5,3,3 o 4 Personas,3,0,3,1,0,2,3,3,2,2,,148.938282465
5959,1,3,2,2 Personas,2,0,2,1,0,0,1,2,1,2,Este,169.2674841123
6041,1,4,2,2 Personas,2,0,2,1,0,0,1,0,2,2,Centro,333.0812702013
6053,1,3,1,1 Persona,1,0,1,0,0,0,0,0,2,2,Centro,528.3395220017
6060,1,1,3,3 o 4 Personas,4,1,3,0,0,0,0,1,1,2,Oeste,337.7504628103
6094,3,5,2,2 Personas,2,0,2,0,0,0,0,0,2,2,,557.5019167744
6101,3,5,2,2 Personas,2,0,2,0,1,0,1,1,2,1,,332.5450029882
6345,1,1,2,2 Personas,2,0,2,1,1,0,2,2,1,2,Oeste,79.5244605938
6356,3,5,2,2 Personas,2,0,2,0,0,0,0,0,2,2,,278.7509583872
6404,1,1,3,3 o 4 Personas,3,0,3,3,0,0,3,1,2,2,Oeste,258.5862774227
6425,3,10,3,3 o 4 Personas,3,0,3,0,1,0,1,0,2,1,,863.8420382972
6439,3,10,2,2 Personas,2,0,2,0,2,0,2,2,2,1,,234.7376491682
6447,3,5,2,2 Personas,2,0,2,0,0,0,0,0,1,2,,312.9835322242
6462,3,10,3,3 o 4 Personas,4,0,4,0,0,0,0,0,2,2,,985.7661884524
6471,1,2,3,3 o 4 Personas,3,0,3,1,0,0,1,0,1,2,Oeste,336.8148557717
6475,3,5,3,3 o 4 Personas,3,0,3,0,0,0,0,1,1,2,,228.372033113
6485,3,5,1,1 Persona,1,0,1,1,0,0,1,1,1,1,,246.2568754443
6487,1,3,3,3 o 4 Personas,4,0,4,1,0,0,1,0,1,2,Oeste,481.2382324105
6532,3,5,3,3 o 4 Personas,3,0,3,1,0,0,1,1,1,2,,610.6469581066
6548,3,5,2,2 Personas,2,0,2,0,1,0,1,0,2,1,,586.8441229204
6558,1,3,2,2 Personas,2,0,2,1,0,0,1,1,1,2,Este,243.8907835597
6566,3,5,4,5 o mas Personas,6,0,6,0,1,0,1,0,2,1,,222.0873557908
6585,1,3,3,3 o 4 Personas,3,0,3,0,0,0,0,1,1,2,Oeste,561.3925034898
6593,1,4,2,2 Personas,2,0,2,0,0,0,0,0,2,2,Este,248.1782013264
6678,1,4,1,1 Persona,1,0,1,0,0,1,1,1,1,2,Este,81.5284420298
6685,1,2,3,3 o 4 Personas,4,0,4,1,0,0,1,0,2,1,Oeste,229.9171409803
6735,1,3,2,2 Personas,2,0,2,1,0,0,1,2,1,2,Oeste,382.2168996085
6856,1,4,4,5 o mas Personas,5,0,5,2,0,0,2,1,1,2,Centro,385.7865248496
6857,1,1,1,1 Persona,1,0,1,0,0,0,0,0,2,2,Oeste,159.282634614
6858,1,3,1,1 Persona,1,0,1,0,0,0,0,1,2,2,Centro,861.3266157002
6860,1,3,1,1 Persona,1,0,1,0,0,0,0,0,2,2,Centro,248.6303632949
6861,1,1,2,2 Personas,2,0,2,1,0,0,1,2,1,2,Este,121.6256456141
6862,3,5,2,2 Personas,2,0,2,0,0,0,0,0,2,2,,865.5950813076
6863,3,5,1,1 Persona,1,0,1,0,0,0,0,1,2,2,,156.7089207373
6864,3,5,2,2 Personas,2,0,2,1,0,0,1,1,1,2,,224.9569137862
6904,1,4,4,5 o mas Personas,5,0,5,1,0,0,1,1,2,2,Centro,1081.217497276
6914,1,4,2,2 Personas,2,0,2,0,0,0,0,0,2,2,Centro,339.6122754993
3387,1,3,1,1 Persona,1,0,1,0,0,0,0,1,2,2,Este,266.3896749588
3391,1,4,4,5 o mas Personas,6,0,6,1,0,0,1,0,1,2,Centro,500.4449514249
3892,1,4,4,5 o mas Personas,5,0,5,2,0,0,2,1,1,2,Centro,898.4765118209
3416,1,4,1,1 Persona,1,0,1,0,0,1,1,1,1,2,Centro,969.4472924993
3422,1,2,2,2 Personas,2,0,2,1,0,0,1,1,1,2,Oeste,288.4681934175
3427,1,4,2,2 Personas,2,0,2,1,0,0,1,12,1,2,Centro,200.284162474
3589,1,2,2,2 Personas,2,0,2,0,0,0,0,0,2,2,Centro,318.8332664088
3594,1,4,2,2 Personas,2,0,2,0,0,0,0,1,1,2,Centro,259.0632101565
3597,1,4,1,1 Persona,1,0,1,0,0,0,0,0,2,2,Centro,136.3748484861
3603,1,3,2,2 Personas,2,0,2,1,0,0,1,0,1,2,Centro,236.6104616624
3611,1,4,3,3 o 4 Personas,3,0,3,0,0,0,0,1,2,2,Centro,142.7852383471
3615,1,3,2,2 Personas,2,0,2,1,1,0,2,0,1,1,Centro,236.6104616624
3622,1,4,2,2 Personas,2,0,2,1,0,0,1,1,1,2,Centro,685.7555562967
3629,1,1,1,1 Persona,1,0,1,0,1,0,1,1,1,1,Centro,163.5875706846
3633,1,4,2,2 Personas,2,0,2,1,0,0,1,1,1,2,Centro,806.5791543109
3655,1,4,3,3 o 4 Personas,3,0,3,0,0,0,0,0,2,2,Centro,142.7852383471
3667,1,4,3,3 o 4 Personas,3,0,3,3,0,0,3,1,1,2,Centro,248.6432598803
3707,1,4,1,1 Persona,1,0,1,0,0,0,0,0,2,2,Centro,149.7158662728
3742,1,2,1,1 Persona,1,0,1,1,0,0,1,0,2,2,Oeste,120.785373451
3793,1,2,2,2 Personas,2,0,2,0,0,0,0,0,2,2,Oeste,121.4602919653
3796,1,1,1,1 Persona,1,0,1,0,0,0,0,0,2,2,Este,606.9959859614
3912,3,5,1,1 Persona,1,0,1,0,0,0,0,0,2,1,,358.191818828
3917,1,1,1,1 Persona,1,0,1,0,0,0,0,0,2,2,Este,331.4800774399
3923,1,4,2,2 Personas,2,0,2,1,0,0,1,0,1,2,Centro,235.1161907303
4503,3,5,2,2 Personas,2,0,2,2,0,0,2,2,1,2,,322.7642676062
4510,1,2,2,2 Personas,2,0,2,0,0,0,0,0,2,2,Oeste,172.0687469508
5045,1,1,2,2 Personas,2,0,2,0,0,0,0,0,2,2,Oeste,505.2142202431
5068,1,2,4,5 o mas Personas,7,2,5,0,0,0,0,0,2,1,Oeste,538.0927207434
5076,1,2,3,3 o 4 Personas,3,0,3,2,0,0,2,2,2,2,Oeste,157.1802660268
5131,16,5,3,3 o 4 Personas,4,1,3,1,0,0,1,0,1,2,,1213.5766049241
5149,1,4,1,1 Persona,1,0,1,0,0,0,0,0,2,2,Centro,275.7143675915
5151,1,2,4,5 o mas Personas,9,1,8,0,0,0,0,0,2,2,Oeste,831.5978411489
5173,1,4,2,2 Personas,2,0,2,1,0,0,1,1,1,2,Centro,891.4822231858
5182,1,1,2,2 Personas,2,0,2,0,1,0,1,0,2,1,Este,190.2349841656
5185,1,4,3,3 o 4 Personas,4,0,4,1,0,0,1,1,1,2,Centro,121.1624943074
5211,1,4,1,1 Persona,1,0,1,1,0,0,1,1,1,2,Centro,524.7466996097
5219,1,2,2,2 Personas,2,0,2,1,0,0,1,1,1,2,Este,668.031605809
5222,1,4,3,3 o 4 Personas,3,0,3,1,0,0,1,1,2,2,Centro,115.7052793503
5241,1,4,2,2 Personas,2,0,2,0,0,0,0,0,2,2,Centro,213.3461730701
6786,1,4,2,2 Personas,2,0,2,1,0,0,1,1,1,2,Este,417.9843390761
6791,1,3,3,3 o 4 Personas,4,0,4,1,0,0,1,0,1,2,Oeste,430.8227985389
6829,1,4,2,2 Personas,2,0,2,0,0,0,0,0,2,2,Centro,434.3118523213
6915,1,4,3,3 o 4 Personas,3,0,3,1,0,0,1,1,1,2,Centro,406.199384953
6917,1,3,3,3 o 4 Personas,3,0,3,0,0,0,0,0,2,2,Centro,160.3978581399
6918,1,1,2,2 Personas,2,0,2,0,0,0,0,0,2,2,Oeste,53.0163070625
6919,1,2,2,2 Personas,2,0,2,0,0,0,0,0,2,2,Oeste,854.0176778808
6920,1,2,2,2 Personas,2,0,2,0,1,0,1,1,2,1,Oeste,126.5211374638
6921,1,2,2,2 Personas,2,0,2,0,0,0,0,0,2,2,Oeste,126.5211374638
6922,1,3,2,2 Personas,2,0,2,0,0,0,0,1,2,2,Oeste,72.803218973
6971,1,2,1,1 Persona,1,0,1,0,0,0,0,0,2,2,Este,100.6544778758
6949,1,2,1,1 Persona,1,0,1,0,1,0,1,1,2,1,Oeste,105.6872017696
6952,1,4,2,2 Personas,2,0,2,1,0,0,1,1,1,2,Centro,466.9668788116
6953,1,4,4,5 o mas Personas,6,0,6,2,0,0,2,2,1,2,Centro,504.4807978074
6954,1,4,3,3 o 4 Personas,3,0,3,1,0,0,1,1,1,2,Centro,151.401588937
6855,1,3,2,2 Personas,2,0,2,0,0,0,0,0,2,2,Este,323.97432443
6955,1,4,3,3 o 4 Personas,4,0,4,1,0,0,1,1,1,2,Centro,288.7276460092
6956,1,3,1,1 Persona,1,0,1,0,0,0,0,0,2,2,Este,686.6933843383
6957,1,4,3,3 o 4 Personas,3,0,3,0,0,0,0,0,2,2,Centro,491.131983625
6958,1,4,3,3 o 4 Personas,3,1,2,1,0,0,1,1,1,2,Centro,374.1957970476
6959,1,3,3,3 o 4 Personas,3,0,3,0,0,0,0,1,2,2,Este,363.9797550099
6960,1,3,2,2 Personas,2,0,2,1,0,0,1,2,2,2,Este,254.8112664057
6964,1,1,3,3 o 4 Personas,3,0,3,0,0,0,0,0,2,2,Este,113.5256827709
6965,1,1,4,5 o mas Personas,6,1,5,1,1,0,2,0,2,1,Oeste,447.2997967184
6966,1,1,4,5 o mas Personas,6,0,6,0,0,0,0,1,2,2,Este,71.5679674749
6967,1,4,3,3 o 4 Personas,4,0,4,1,0,0,1,1,1,2,Centro,908.7187073058
6968,1,4,3,3 o 4 Personas,3,0,3,1,0,0,1,1,1,2,Centro,956.4149154803
6969,1,1,4,5 o mas Personas,5,0,5,1,0,0,1,0,1,2,Este,173.5598069575
6970,1,1,4,5 o mas Personas,6,2,4,0,0,0,0,0,2,2,Este,286.2718698998
6972,1,2,3,3 o 4 Personas,4,0,4,0,0,0,0,0,2,2,Este,162.2944524567
6973,1,3,2,2 Personas,2,0,2,0,1,0,1,1,2,1,Oeste,83.723701819
6974,1,3,2,2 Personas,2,0,2,1,0,0,1,0,1,2,Oeste,702.5510630899
6975,1,2,3,3 o 4 Personas,4,0,4,0,0,0,0,1,2,2,Este,162.2944524567
3476,1,3,2,2 Personas,2,0,2,0,0,0,0,0,2,2,Centro,112.8449894082
3521,1,3,3,3 o 4 Personas,3,0,3,0,0,0,0,1,2,2,Centro,1344.8743490195
3535,1,1,1,1 Persona,1,0,1,0,0,0,0,0,2,2,Centro,163.5875706846
3540,1,3,1,1 Persona,1,0,1,0,0,0,0,0,2,2,Centro,91.7564435969
3544,1,2,3,3 o 4 Personas,4,0,4,0,0,0,0,0,2,2,Este,256.9662163897
3556,1,3,3,3 o 4 Personas,4,0,4,1,0,0,1,0,2,2,Centro,687.4831891579
3567,1,4,4,5 o mas Personas,5,0,5,0,0,0,0,0,2,2,Centro,159.8983622732
4472,1,3,4,5 o mas Personas,5,0,5,0,0,0,0,0,2,2,Centro,589.7373884864
4520,1,4,3,3 o 4 Personas,4,1,3,0,0,0,0,1,2,2,Centro,146.9417484154
4531,1,3,3,3 o 4 Personas,3,0,3,0,0,0,0,0,2,2,Este,954.161617653
4539,1,2,2,2 Personas,2,0,2,0,1,0,1,1,2,2,Este,404.8676398842
4545,1,4,3,3 o 4 Personas,4,1,3,1,0,0,1,2,1,2,Este,139.207972183
4558,1,2,1,1 Persona,1,0,1,0,0,0,0,0,2,2,Este,322.0943292027
4577,1,3,2,2 Personas,2,0,2,1,0,0,1,1,1,2,Este,254.8112664057
4586,1,3,3,3 o 4 Personas,3,0,3,0,1,0,1,0,2,1,Este,425.6712389099
4596,1,2,1,1 Persona,1,0,1,0,0,0,0,0,2,2,Oeste,1728.7406575175
4600,1,2,2,2 Personas,2,0,2,0,0,0,0,0,2,2,Oeste,1738.4004287529
4605,1,1,3,3 o 4 Personas,3,0,3,1,0,0,1,4,1,2,Centro,239.6653302942
4615,1,3,1,1 Persona,1,0,1,0,0,0,0,0,2,2,Oeste,332.9870936985
4619,1,2,3,3 o 4 Personas,3,0,3,0,0,0,0,2,2,2,Oeste,819.5828157112
4623,3,5,3,3 o 4 Personas,3,0,3,1,0,0,1,1,2,1,,476.6025038881
4648,1,2,4,5 o mas Personas,5,2,3,0,0,0,0,0,2,2,Oeste,1024.5882829713
4654,3,5,2,2 Personas,2,0,2,1,0,0,1,1,1,2,,1056.3194212568
4665,1,4,3,3 o 4 Personas,4,1,3,1,0,0,1,1,1,2,Este,464.0265739434
4674,1,4,3,3 o 4 Personas,4,0,4,2,0,0,2,2,1,2,Este,79.9156877347
4687,1,4,1,1 Persona,1,0,1,0,0,0,0,0,2,2,Este,45.9523945986
4689,3,5,4,5 o mas Personas,5,0,5,1,1,0,2,0,1,1,,407.229984123
4717,1,1,1,1 Persona,1,0,1,1,0,0,1,1,1,2,Oeste,413.2738627822
4747,1,4,1,1 Persona,1,0,1,1,0,0,1,1,1,2,Centro,225.3149670641
4928,1,2,1,1 Persona,1,0,1,0,0,0,0,2,2,2,Este,603.926867255
5252,1,2,3,3 o 4 Personas,3,0,3,1,0,0,1,1,2,2,Oeste,157.1802660268
5380,1,3,3,3 o 4 Personas,3,0,3,0,0,0,0,0,2,2,Oeste,514.0956991665
5388,1,4,3,3 o 4 Personas,4,0,4,1,0,0,1,1,1,2,Centro,288.7276460092
5413,1,3,2,2 Personas,2,0,2,0,0,0,0,0,2,2,Centro,305.7735196868
5419,1,4,4,5 o mas Personas,5,0,5,1,0,0,1,0,1,2,Centro,544.4158525016
5480,3,5,4,5 o mas Personas,10,1,9,1,1,0,2,2,1,2,,477.0765420692
5513,1,4,3,3 o 4 Personas,3,0,3,2,0,0,2,2,1,2,Centro,519.442849849
5528,1,3,2,2 Personas,2,0,2,0,0,0,0,1,2,2,Centro,305.7735196868
5533,3,5,2,2 Personas,2,0,2,0,1,0,1,0,2,1,,283.6413260782
5580,1,3,2,2 Personas,2,0,2,1,0,0,1,1,1,2,Centro,600.6265565276
6845,1,4,4,5 o mas Personas,5,0,5,2,0,0,2,2,1,2,Este,148.4770506823
6846,1,4,1,1 Persona,1,0,1,1,0,0,1,1,1,2,Este,195.6682608714
6847,1,3,2,2 Personas,2,0,2,2,0,0,2,0,1,2,Este,484.1414061707
6848,1,3,3,3 o 4 Personas,3,0,3,1,1,0,2,2,1,1,Este,546.9978239131
6849,1,3,3,3 o 4 Personas,4,2,2,1,0,0,1,0,1,2,Este,407.9066922337
6850,1,3,3,3 o 4 Personas,3,0,3,0,0,0,0,0,2,2,Este,366.0361378065
6851,1,4,1,1 Persona,1,0,1,0,0,0,0,0,2,2,Este,214.9386198966
6852,1,3,2,2 Personas,2,0,2,1,0,0,1,0,1,2,Este,531.4634985032
6853,1,3,1,1 Persona,1,0,1,0,0,0,0,0,2,2,Este,432.1432504888
6854,1,4,3,3 o 4 Personas,3,0,3,1,1,0,2,2,1,1,Este,155.0943106184
6938,1,4,1,1 Persona,1,0,1,0,0,0,0,0,2,2,Centro,144.972393282
6939,1,4,1,1 Persona,1,0,1,0,0,0,0,0,2,2,Centro,226.7973023737
6940,1,4,2,2 Personas,2,0,2,1,0,0,1,1,1,2,Centro,891.4822231858
6941,1,1,3,3 o 4 Personas,3,0,3,0,0,0,0,0,2,2,Este,227.0513655418
6942,1,4,3,3 o 4 Personas,3,0,3,1,0,0,1,1,1,2,Centro,265.8759610602
6943,1,1,3,3 o 4 Personas,3,0,3,0,0,0,0,0,2,1,Oeste,208.1304184134
6944,1,4,1,1 Persona,1,0,1,1,0,0,1,0,2,2,Centro,524.7466996097
6945,1,1,1,1 Persona,1,0,1,0,0,0,0,0,2,2,Oeste,697.399643445
6976,1,1,3,3 o 4 Personas,3,0,3,0,0,0,0,1,2,2,Este,208.1304184134
6978,1,1,1,1 Persona,1,0,1,0,0,0,0,0,2,2,Este,245.3813560269
6980,1,2,1,1 Persona,1,0,1,0,0,0,0,0,2,2,Este,566.1814380516
6981,1,2,3,3 o 4 Personas,3,0,3,0,0,0,0,0,1,1,Oeste,254.482335472
6982,1,2,1,1 Persona,1,0,1,0,0,0,0,0,2,2,Este,181.1780601765
6983,1,3,2,2 Personas,2,0,2,0,0,0,0,1,2,2,Oeste,72.803218973
6984,1,3,1,1 Persona,1,0,1,0,0,0,0,0,2,2,Oeste,198.3123135805
6985,1,1,3,3 o 4 Personas,4,0,4,0,0,0,0,0,2,2,Oeste,479.9611839936
6652,1,3,1,1 Persona,1,0,1,0,0,0,0,0,2,1,Oeste,142.0744933114
6987,3,5,3,3 o 4 Personas,4,0,4,0,0,0,0,0,2,2,,744.801120164
4342,1,1,2,2 Personas,2,0,2,0,0,0,0,1,2,2,Oeste,233.8954723348
4401,1,1,2,2 Personas,2,0,2,0,0,0,0,0,2,2,Este,159.0489211876
5319,1,4,3,3 o 4 Personas,3,0,3,1,0,0,1,1,1,2,Centro,716.3880061899
6370,1,3,2,2 Personas,2,0,2,0,0,0,0,0,2,2,Este,185.6482083813
6375,1,3,2,2 Personas,2,0,2,0,0,0,0,0,2,2,Este,243.8907835597
6378,3,5,4,5 o mas Personas,5,0,5,0,0,0,0,0,2,1,,344.5792173348
6398,1,1,1,1 Persona,1,0,1,0,0,0,0,0,2,2,Oeste,109.7758698015
6400,3,5,1,1 Persona,1,0,1,0,0,0,0,0,1,1,,246.2568754443
6598,3,5,2,2 Personas,2,0,2,0,0,0,0,0,2,2,,249.4087522412
6606,1,4,1,1 Persona,1,0,1,0,0,0,0,0,2,2,Este,266.8203557337
6610,1,4,2,2 Personas,2,0,2,0,0,0,0,0,2,2,Este,382.0638099368
6617,1,4,1,1 Persona,1,0,1,0,0,0,0,0,2,2,Este,260.1498468404
6621,1,3,3,3 o 4 Personas,3,0,3,1,0,0,1,0,1,2,Este,209.7510452599
6627,1,2,4,5 o mas Personas,5,0,5,0,0,1,1,0,1,2,Oeste,768.4412122285
6637,1,4,2,2 Personas,2,0,2,0,0,0,0,0,2,2,Este,154.5671253875
6645,1,2,3,3 o 4 Personas,3,0,3,1,0,0,1,1,1,2,Oeste,1437.0767179593
6654,1,3,3,3 o 4 Personas,3,0,3,1,0,0,1,1,2,2,Este,546.9978239131
6664,3,5,3,3 o 4 Personas,3,0,3,0,0,0,0,0,2,2,,908.5235230367
6683,1,1,1,1 Persona,1,0,1,0,0,0,0,0,2,2,Oeste,142.0628903314
6710,1,3,2,2 Personas,2,0,2,1,0,0,1,0,1,2,Oeste,342.1751291733
6723,1,4,3,3 o 4 Personas,4,0,4,1,0,0,1,1,1,2,Este,595.500769894
6744,1,4,1,1 Persona,1,0,1,2,0,0,2,2,1,2,Este,45.9523945986
6748,1,1,3,3 o 4 Personas,4,0,4,0,2,0,2,2,2,1,Oeste,195.539741627
6761,1,4,2,2 Personas,2,0,2,1,0,0,1,1,1,2,Este,1009.0403185509
6879,1,4,1,1 Persona,1,0,1,1,0,0,1,0,1,2,Centro,164.5392193691
6880,1,2,2,2 Personas,2,0,2,0,0,0,0,0,2,2,Oeste,854.0176778808
6881,1,4,2,2 Personas,2,0,2,2,1,0,3,3,1,2,Centro,213.3461730701
6882,1,2,3,3 o 4 Personas,4,1,3,0,0,0,0,0,2,2,Oeste,182.5812590138
6883,1,4,1,1 Persona,1,0,1,1,0,0,1,0,1,2,Centro,188.2565843233
6884,3,5,4,5 o mas Personas,5,0,5,0,1,0,1,1,2,2,,344.5792173348
6885,3,5,3,3 o 4 Personas,3,0,3,0,0,0,0,0,2,1,,193.6197672045
6886,1,1,2,2 Personas,2,0,2,0,1,0,1,1,2,2,Oeste,364.8769368423
6887,1,3,3,3 o 4 Personas,3,0,3,0,0,0,0,0,2,2,Oeste,82.2553118666
6888,1,2,2,2 Personas,2,0,2,1,0,0,1,1,1,2,Este,83.5039507261
6889,1,4,3,3 o 4 Personas,3,0,3,2,0,0,2,2,1,1,Centro,369.2721681391
6891,3,5,3,3 o 4 Personas,3,0,3,0,0,0,0,0,2,1,,446.8148473951
6893,1,2,3,3 o 4 Personas,4,0,4,0,0,0,0,1,2,2,Este,162.2944524567
6894,1,3,3,3 o 4 Personas,4,1,3,0,0,0,0,0,2,2,Este,433.1144091694
6988,1,3,1,1 Persona,1,0,1,0,0,0,0,0,2,2,Centro,257.5100191269
6989,1,1,2,2 Personas,2,0,2,0,0,0,0,0,2,2,Oeste,140.3372834009
6990,1,3,2,2 Personas,2,0,2,0,0,0,0,0,2,2,Oeste,185.6482083813
6991,1,4,1,1 Persona,1,0,1,1,0,0,1,2,1,2,Centro,1311.8667490243
6992,1,3,1,1 Persona,1,0,1,1,0,0,1,1,1,2,Oeste,571.2578585228
6993,1,3,1,1 Persona,1,0,1,0,0,0,0,0,2,2,Oeste,150.9541491433
6994,1,3,2,2 Personas,2,0,2,0,0,1,1,1,1,2,Oeste,251.171105457
6995,1,3,3,3 o 4 Personas,3,0,3,0,0,0,0,1,1,2,Oeste,94.5936086466
6996,1,3,1,1 Persona,1,0,1,0,0,0,0,0,2,2,Oeste,198.3123135805
6997,1,3,2,2 Personas,2,0,2,0,1,0,1,1,2,1,Oeste,212.9494154962
6998,1,3,4,5 o mas Personas,5,0,5,0,0,0,0,0,2,2,Este,216.5219397341
6999,1,3,3,3 o 4 Personas,3,0,3,0,0,0,0,0,2,2,Oeste,462.6861292498
7000,3,5,3,3 o 4 Personas,3,0,3,0,0,0,0,0,2,1,,178.725938958
7001,1,3,2,2 Personas,2,0,2,1,0,0,1,1,2,2,Oeste,212.9494154962
7002,1,4,2,2 Personas,2,0,2,0,0,0,0,0,1,2,Centro,130.6201059613
7003,1,3,3,3 o 4 Personas,4,0,4,0,0,0,0,0,2,2,Este,252.0771693579
7004,1,4,3,3 o 4 Personas,3,0,3,0,0,0,0,0,1,2,Centro,216.639671975
7005,3,5,4,5 o mas Personas,5,0,5,0,0,0,0,0,2,2,,344.5792173348
7006,1,3,1,1 Persona,1,0,1,0,0,0,0,0,2,2,Oeste,198.3123135805
7007,3,5,3,3 o 4 Personas,3,1,2,0,1,0,1,3,2,1,,521.2839886276
7008,1,2,4,5 o mas Personas,5,0,5,1,0,0,1,1,1,1,Oeste,307.3764848914
7010,1,2,3,3 o 4 Personas,4,1,3,0,0,0,0,0,2,1,Oeste,182.5812590138
7029,1,3,3,3 o 4 Personas,3,0,3,0,0,0,0,1,2,2,Este,388.6563485699
7030,3,5,4,5 o mas Personas,5,1,4,0,0,0,0,0,2,2,,208.8358892938
7031,1,4,2,2 Personas,2,0,2,1,0,0,1,0,1,2,Centro,326.5502649032
7032,1,4,3,3 o 4 Personas,3,0,3,1,0,0,1,1,1,2,Este,174.7888262525
7037,3,5,4,5 o mas Personas,5,2,3,0,0,0,0,2,2,2,,240.1612726879
7038,1,2,2,2 Personas,2,0,2,2,0,0,2,0,1,1,Oeste,172.0687469508
7040,1,2,1,1 Persona,1,0,1,0,0,0,0,0,2,2,Oeste,226.4725752206
7041,3,5,4,5 o mas Personas,5,0,5,0,0,0,0,1,2,2,,240.1612726879
7042,1,3,1,1 Persona,1,0,1,0,0,0,0,0,2,2,Oeste,497.2607265898
7043,1,2,1,1 Persona,1,0,1,0,0,0,0,0,2,2,Oeste,339.7088628309
7044,1,4,1,1 Persona,1,0,1,0,0,0,0,0,2,2,Oeste,115.6221541513
7045,3,5,3,3 o 4 Personas,3,0,3,1,0,0,1,1,1,2,,228.372033113
7046,1,3,1,1 Persona,1,0,1,0,0,0,0,1,2,2,Centro,155.3939770593
7047,3,5,3,3 o 4 Personas,3,0,3,0,0,0,0,0,2,1,,238.301251944
7048,1,2,2,2 Personas,2,0,2,0,0,0,0,1,2,1,Oeste,293.5290389161
7049,3,5,1,1 Persona,1,0,1,0,0,0,0,0,2,2,,179.095909414
3185,3,10,1,1 Persona,1,0,1,0,1,0,1,1,2,2,,111.9349433838
3191,3,9,1,1 Persona,1,0,1,0,0,0,0,1,2,2,,201.4828980908
3193,1,2,3,3 o 4 Personas,4,0,4,0,0,0,0,0,1,2,Centro,710.0382294979
3219,1,3,3,3 o 4 Personas,4,0,4,1,0,0,1,1,2,2,Este,1182.4710853515
3230,3,9,3,3 o 4 Personas,4,0,4,0,0,0,0,0,2,2,,1182.9194261429
3277,3,9,3,3 o 4 Personas,4,0,4,1,0,0,1,1,1,2,,558.600840123
3294,1,3,3,3 o 4 Personas,3,0,3,1,0,0,1,0,1,2,Este,1190.6456392696
3304,3,9,1,1 Persona,1,0,1,0,0,0,0,1,2,2,,156.7089207373
3310,1,3,1,1 Persona,1,0,1,0,0,0,0,2,2,2,Este,310.7879541186
3312,1,1,2,2 Personas,2,0,2,1,0,0,1,3,2,2,Este,367.9955431401
3355,1,4,1,1 Persona,1,0,1,1,0,0,1,6,1,2,Este,80.0461067201
3800,1,2,2,2 Personas,2,0,2,0,0,0,0,0,2,2,Oeste,220.146779187
3815,1,4,3,3 o 4 Personas,4,0,4,2,0,0,2,1,1,2,Centro,175.2989279342
3844,3,9,2,2 Personas,2,0,2,0,0,0,0,0,2,1,,176.0532368761
3847,1,2,2,2 Personas,2,0,2,0,0,0,0,0,2,2,Oeste,220.146779187
3854,1,2,1,1 Persona,1,0,1,0,0,0,0,0,1,2,Oeste,145.94899292
3857,1,3,1,1 Persona,1,0,1,0,0,0,0,0,1,2,Centro,1243.1518164745
3861,3,5,4,5 o mas Personas,6,1,5,1,1,0,2,0,1,1,,493.527457313
4141,3,5,3,3 o 4 Personas,3,1,2,0,0,0,0,0,2,2,,377.3103155781
4145,1,1,3,3 o 4 Personas,3,0,3,1,0,0,1,1,1,2,Oeste,302.7351540558
4153,1,2,3,3 o 4 Personas,3,0,3,0,0,0,0,2,2,2,Oeste,471.5407980804
4312,1,2,4,5 o mas Personas,5,0,5,0,0,0,0,0,2,2,Este,1212.4294681827
4322,1,1,3,3 o 4 Personas,4,0,4,1,0,0,1,0,1,2,Este,242.9433153548
4349,1,2,1,1 Persona,1,0,1,0,1,0,1,1,2,1,Este,392.5524637158
4356,1,1,2,2 Personas,2,0,2,0,0,0,0,1,2,2,Este,65.4907322537
4368,1,1,1,1 Persona,1,0,1,0,1,0,1,0,2,2,Este,426.1886709942
4370,1,1,3,3 o 4 Personas,3,1,2,0,0,0,0,0,2,2,Este,122.9861563352
4376,1,1,3,3 o 4 Personas,3,0,3,1,1,0,2,1,1,2,Este,264.8932597988
4386,1,1,3,3 o 4 Personas,3,0,3,0,0,0,0,0,2,2,Este,889.2845150389
4398,1,1,2,2 Personas,2,0,2,0,0,0,0,0,2,2,Este,88.8802794872
4408,1,3,3,3 o 4 Personas,3,0,3,0,1,0,1,1,2,1,Centro,425.6712389099
4414,1,1,3,3 o 4 Personas,3,1,2,1,1,0,2,1,2,2,Este,179.7489977206
4420,1,2,3,3 o 4 Personas,4,0,4,1,0,0,1,0,2,1,Este,135.2453770472
4429,1,1,3,3 o 4 Personas,3,0,3,0,0,0,0,0,2,2,Este,510.8655724692
4433,1,2,3,3 o 4 Personas,4,1,3,0,0,1,1,1,2,2,Oeste,229.9171409803
4444,1,3,2,2 Personas,2,0,2,0,0,0,0,1,2,2,Este,211.1293350218
6274,1,4,3,3 o 4 Personas,3,0,3,1,0,0,1,1,1,2,Este,568.6791389342
6285,1,1,3,3 o 4 Personas,3,0,3,2,0,0,2,1,1,2,Este,198.6699448491
6298,1,4,2,2 Personas,2,0,2,0,0,0,0,0,2,2,Este,417.9843390761
6303,1,4,3,3 o 4 Personas,3,0,3,2,0,0,2,2,1,2,Este,206.7924141579
6316,1,4,3,3 o 4 Personas,3,1,2,1,0,0,1,1,1,2,Este,135.3997949843
6338,1,4,1,1 Persona,1,0,1,0,0,0,0,0,2,2,Este,71.1520948623
6340,1,1,2,2 Personas,2,0,2,0,0,0,0,0,2,1,Oeste,79.5244605938
7039,1,2,4,5 o mas Personas,5,2,3,0,0,0,0,1,2,2,Oeste,1058.741225737
7050,1,3,3,3 o 4 Personas,3,0,3,1,0,0,1,0,1,2,Oeste,193.2999828866
7051,1,1,3,3 o 4 Personas,4,0,4,0,0,0,0,1,2,2,Este,186.6515715531
7052,3,5,3,3 o 4 Personas,4,1,3,1,0,0,1,0,1,2,,525.7419671746
7054,1,1,4,5 o mas Personas,5,1,4,0,0,0,0,0,2,2,Este,260.3397104363
7055,1,2,1,1 Persona,1,0,1,0,0,0,0,0,2,2,Oeste,105.6872017696
7056,3,5,4,5 o mas Personas,7,0,7,0,0,0,0,3,1,1,,320.7928472534
7057,1,3,1,1 Persona,1,0,1,0,0,0,0,0,2,2,Oeste,346.3065774465
7058,1,3,3,3 o 4 Personas,4,0,4,0,1,0,1,4,2,1,Centro,323.1170989042
7059,1,1,2,2 Personas,2,0,2,0,0,0,0,0,2,2,Oeste,177.7605589744
7060,1,3,3,3 o 4 Personas,4,0,4,1,0,0,1,0,1,2,Oeste,215.4113992695
7061,1,1,2,2 Personas,2,0,2,0,2,0,2,0,2,1,Este,159.0489211876
7062,1,4,1,1 Persona,1,0,1,1,0,0,1,1,1,2,Centro,130.4455072476
7063,1,2,2,2 Personas,2,0,2,1,0,0,1,1,1,2,Oeste,293.5290389161
7064,1,4,2,2 Personas,2,0,2,0,0,0,0,2,2,2,Centro,289.9766352341
7165,1,2,1,1 Persona,1,0,1,0,0,0,0,0,2,2,Este,120.785373451
7065,3,5,2,2 Personas,2,0,2,0,2,0,2,0,2,1,,215.1761784042
7066,3,5,1,1 Persona,1,0,1,0,1,0,1,2,2,1,,171.6335798551
7067,3,10,1,1 Persona,1,0,1,0,0,0,0,2,2,2,,649.2226716258
7068,1,4,2,2 Personas,2,0,2,0,0,0,0,1,2,2,Centro,708.61407484
7069,1,2,3,3 o 4 Personas,3,0,3,0,0,0,0,0,2,2,Centro,344.2996303444
7070,1,4,1,1 Persona,1,0,1,0,0,0,0,1,2,2,Centro,197.447063243
7071,1,3,2,2 Personas,2,0,2,1,0,0,1,1,1,2,Centro,256.63134688
7072,3,5,1,1 Persona,1,0,1,0,0,0,0,0,2,2,,559.6747169188
7073,1,2,1,1 Persona,1,0,1,0,0,0,0,1,2,2,Oeste,291.8979858399
7074,3,10,1,1 Persona,1,0,1,0,0,0,0,0,2,2,,78.3544603686
7075,1,4,2,2 Personas,2,0,2,0,0,0,0,1,2,2,Centro,182.8681483458
7076,1,3,3,3 o 4 Personas,3,1,2,1,0,0,1,1,1,2,Oeste,514.0956991665
7077,1,3,3,3 o 4 Personas,4,0,4,1,0,0,1,1,1,2,Centro,137.4966378316
7078,3,5,3,3 o 4 Personas,4,0,4,1,0,0,1,1,1,2,,503.8360518757
7120,1,4,3,3 o 4 Personas,4,0,4,1,0,0,1,1,1,2,Centro,343.3796647181
7121,1,4,1,1 Persona,1,0,1,0,0,0,0,0,2,2,Centro,357.9839772761
7162,1,3,3,3 o 4 Personas,3,0,3,0,0,0,0,0,2,2,Oeste,129.55211619
7163,1,2,4,5 o mas Personas,5,0,5,1,0,0,1,1,1,2,Oeste,330.1451134019
7164,1,1,4,5 o mas Personas,5,1,4,0,1,0,1,2,2,1,Oeste,549.6060553654
7166,1,1,3,3 o 4 Personas,4,0,4,1,0,0,1,0,1,2,Oeste,853.2643270998
7167,1,2,4,5 o mas Personas,7,0,7,0,1,0,1,0,2,1,Este,391.3401605407
7168,1,1,3,3 o 4 Personas,3,0,3,0,0,0,0,2,2,1,Oeste,151.3675770279
7170,1,1,2,2 Personas,2,0,2,0,0,0,0,0,2,2,Oeste,79.5244605938
7209,3,5,3,3 o 4 Personas,4,0,4,0,1,0,1,1,2,2,,503.8360518757
7210,1,4,2,2 Personas,2,0,2,0,0,0,0,0,2,2,Centro,111.0270900671
7211,1,4,3,3 o 4 Personas,3,1,2,1,0,0,1,0,1,2,Centro,594.528190704
7213,1,4,4,5 o mas Personas,5,0,5,2,0,0,2,2,1,2,Este,139.5938083337
7214,3,5,3,3 o 4 Personas,4,0,4,0,0,0,0,0,2,2,,1905.814631008
7215,1,2,3,3 o 4 Personas,3,0,3,0,0,0,0,0,2,2,Centro,344.2996303444
7217,1,2,1,1 Persona,1,0,1,0,0,0,0,1,2,2,Centro,231.5052991144
7218,3,5,3,3 o 4 Personas,3,0,3,0,0,0,0,2,2,1,,208.513595451
7220,3,5,4,5 o mas Personas,5,2,3,0,0,0,0,0,2,1,,297.5911422437
7229,1,3,4,5 o mas Personas,5,0,5,0,0,0,0,0,2,2,Centro,353.2726385136
7230,1,3,2,2 Personas,2,0,2,1,0,0,1,0,1,2,Centro,309.4136806354
7231,1,3,2,2 Personas,2,0,2,0,0,0,0,0,2,2,Oeste,385.8570605571
7273,3,5,3,3 o 4 Personas,3,0,3,0,0,1,1,1,1,1,,248.2304707751
7423,3,5,3,3 o 4 Personas,3,0,3,0,0,0,0,0,2,2,,476.6025038881
7424,1,4,3,3 o 4 Personas,3,0,3,2,0,0,2,1,1,2,Centro,319.4204254403
7425,1,4,1,1 Persona,1,0,1,0,0,0,0,0,2,2,Centro,130.4455072476
7429,3,5,2,2 Personas,2,0,2,0,0,0,0,0,2,2,,146.7110307301
7430,1,2,2,2 Personas,2,0,2,0,0,0,0,0,2,2,Oeste,250.5118521784
7432,3,5,3,3 o 4 Personas,3,0,3,0,3,0,3,3,2,1,,148.938282465
7433,1,2,2,2 Personas,2,0,2,0,0,0,0,0,2,2,Oeste,485.8411678611
7434,1,2,1,1 Persona,1,0,1,0,0,0,0,1,2,2,Oeste,362.356120353
7435,1,1,1,1 Persona,1,0,1,0,0,0,0,1,2,2,Oeste,613.4533900673
7436,1,1,2,2 Personas,2,0,2,0,0,0,0,0,2,2,Oeste,324.3350549709
7439,1,4,3,3 o 4 Personas,4,0,4,2,0,0,2,1,1,2,Centro,523.3188583917
7440,1,3,3,3 o 4 Personas,3,0,3,0,0,0,0,0,1,2,Centro,419.5020905199
7441,1,3,4,5 o mas Personas,5,0,5,0,1,0,1,0,2,1,Centro,769.2226806344
7442,1,3,3,3 o 4 Personas,3,0,3,0,0,0,0,0,2,2,Centro,292.0063571266
7443,1,1,2,2 Personas,2,0,2,0,0,0,0,1,2,2,Este,56.1349133603
7444,1,4,3,3 o 4 Personas,4,2,2,1,0,0,1,1,1,2,Centro,603.2345461264
7445,1,4,1,1 Persona,1,0,1,1,0,0,1,1,1,2,Centro,444.7005928896
7446,1,3,2,2 Personas,2,0,2,0,0,0,0,0,2,2,Centro,491.421728068
7447,1,4,3,3 o 4 Personas,3,0,3,2,0,0,2,1,1,2,Centro,499.7483342149
7449,1,3,2,2 Personas,2,0,2,1,0,0,1,1,1,2,Oeste,229.3301397651
7741,3,5,4,5 o mas Personas,5,0,5,0,0,0,0,0,2,2,,1482.7348139862
7450,1,4,1,1 Persona,1,0,1,0,0,0,0,0,1,2,Centro,340.9371212153
7696,1,3,2,2 Personas,2,0,2,1,0,0,1,0,1,2,Centro,258.4514273543
7708,1,1,1,1 Persona,1,0,1,0,0,0,0,0,2,2,Este,484.3053079479
7709,3,5,3,3 o 4 Personas,4,0,4,0,0,0,0,0,2,2,,460.0242212778
7712,3,5,1,1 Persona,1,0,1,0,0,0,0,0,2,2,,447.739773535
7713,3,5,3,3 o 4 Personas,4,0,4,1,0,0,1,1,1,2,,460.0242212778
7714,1,1,3,3 o 4 Personas,4,1,3,1,1,0,2,1,1,1,Oeste,497.7375241415
7715,1,3,2,2 Personas,2,0,2,1,0,0,1,0,2,1,Centro,258.4514273543
7718,3,9,2,2 Personas,2,0,2,0,0,1,1,1,1,2,,293.4220614602
7723,1,3,2,2 Personas,2,0,2,0,0,0,0,1,2,2,Este,196.5686912272
7725,3,5,3,3 o 4 Personas,4,0,4,1,0,0,1,1,1,1,,569.5537977725
7732,1,1,3,3 o 4 Personas,3,0,3,0,0,0,0,0,2,1,Oeste,302.7351540558
7733,3,5,4,5 o mas Personas,5,1,4,1,0,0,1,1,1,1,,250.6030671526
7734,1,4,4,5 o mas Personas,6,0,6,0,0,0,0,0,2,2,Centro,134.5282127486
7736,1,3,2,2 Personas,2,0,2,1,0,0,1,0,1,2,Oeste,425.8988309923
7739,1,4,3,3 o 4 Personas,3,0,3,0,0,0,0,0,2,2,Centro,416.0466427701
7740,1,1,3,3 o 4 Personas,3,0,3,0,0,0,0,0,2,2,Oeste,170.2885241564
7742,1,1,3,3 o 4 Personas,3,0,3,0,0,0,0,1,2,2,Este,425.721310391
7746,1,4,1,1 Persona,1,0,1,0,0,0,0,1,2,2,Centro,253.4793379471
7747,3,5,2,2 Personas,2,0,2,0,0,0,0,1,2,2,,498.8175044824
7748,3,9,3,3 o 4 Personas,3,0,3,0,1,0,1,3,2,2,,208.513595451
7757,1,2,3,3 o 4 Personas,4,0,4,1,0,0,1,1,1,2,Este,540.9815081889
7124,1,3,3,3 o 4 Personas,4,0,4,0,1,1,2,0,1,2,Centro,701.232852941
7126,1,4,1,1 Persona,1,0,1,0,0,0,0,0,2,2,Centro,197.447063243
7127,1,4,3,3 o 4 Personas,4,0,4,1,0,0,1,0,1,2,Centro,757.9100707742
7132,1,4,4,5 o mas Personas,6,0,6,4,0,0,4,2,1,2,Centro,282.5092467721
7133,1,3,1,1 Persona,1,0,1,0,0,0,0,0,1,2,Centro,750.3309178007
7134,1,4,1,1 Persona,1,0,1,1,0,0,1,1,1,2,Centro,197.447063243
7135,1,4,2,2 Personas,2,0,2,0,0,0,0,0,2,2,Centro,191.5761554099
7158,1,1,3,3 o 4 Personas,4,0,4,0,0,0,0,1,2,2,Este,288.8655274036
7159,1,2,4,5 o mas Personas,5,0,5,0,0,0,0,1,1,2,Oeste,751.3647408456
7160,1,3,2,2 Personas,2,0,2,0,0,0,0,0,2,2,Oeste,385.8570605571
7161,1,2,3,3 o 4 Personas,3,0,3,1,0,0,1,1,1,2,Oeste,381.7235032079
7221,1,3,2,2 Personas,2,0,2,1,0,0,1,0,1,2,Centro,222.0498178678
7224,1,3,3,3 o 4 Personas,3,0,3,0,0,0,0,0,2,2,Centro,254.9914667866
7225,1,3,1,1 Persona,1,0,1,1,0,0,1,0,1,2,Centro,251.5902485722
7226,3,5,3,3 o 4 Personas,3,0,3,1,0,0,1,0,1,2,,327.6642214231
7228,1,2,3,3 o 4 Personas,3,0,3,0,0,0,0,0,2,2,Oeste,740.9926826978
7232,1,1,4,5 o mas Personas,6,1,5,1,0,0,1,1,1,2,Oeste,196.8119105561
7233,1,1,3,3 o 4 Personas,4,1,3,0,1,0,1,1,2,1,Este,586.6192248811
7234,1,3,3,3 o 4 Personas,4,0,4,1,0,1,2,1,1,2,Centro,279.5764969242
7235,1,2,2,2 Personas,2,0,2,0,0,0,0,1,2,2,Oeste,273.2856569219
7236,1,4,1,1 Persona,1,0,1,1,0,0,1,0,1,2,Centro,124.5161660091
7237,1,3,3,3 o 4 Personas,3,0,3,0,0,0,0,2,2,2,Centro,123.3829678
7238,3,5,3,3 o 4 Personas,3,0,3,0,0,0,0,0,2,2,,521.2839886276
7239,1,2,3,3 o 4 Personas,4,0,4,0,0,0,0,0,2,2,Este,131.864242621
7356,1,2,4,5 o mas Personas,5,0,5,1,0,0,1,0,1,2,Este,728.5961123351
7291,1,1,1,1 Persona,1,0,1,0,0,0,0,0,2,2,Este,318.565269228
7357,1,3,1,1 Persona,1,0,1,0,0,0,0,0,2,2,Este,492.8208986738
7358,1,2,3,3 o 4 Personas,3,0,3,1,0,0,1,1,1,2,Oeste,516.4494455166
7359,1,1,4,5 o mas Personas,5,0,5,0,0,0,0,0,2,2,Oeste,279.6241334315
7437,1,2,2,2 Personas,2,0,2,0,0,0,0,2,2,1,Este,121.4602919653
7438,1,3,1,1 Persona,1,0,1,0,0,0,0,0,2,2,Centro,210.1518546897
7588,1,1,2,2 Personas,2,0,2,0,0,0,0,0,2,2,Este,127.8628582097
7589,3,5,3,3 o 4 Personas,4,1,3,0,2,0,2,0,2,1,,722.8952048651
7590,1,3,1,1 Persona,1,0,1,0,0,0,0,0,2,2,Centro,457.302275346
7592,1,4,4,5 o mas Personas,5,2,3,1,0,0,1,1,1,2,Centro,487.3092945469
7593,1,3,2,2 Personas,2,0,2,0,0,0,0,0,2,2,Centro,234.7903811881
7607,1,3,3,3 o 4 Personas,3,0,3,0,0,0,0,0,2,2,Centro,314.6265678899
7610,16,5,3,3 o 4 Personas,3,0,3,0,2,0,2,2,2,1,,729.3449248365
7645,3,5,3,3 o 4 Personas,3,0,3,0,1,0,1,2,2,2,,834.0543818042
7648,1,1,1,1 Persona,1,0,1,0,0,0,0,0,2,2,Este,484.3053079479
7650,1,3,2,2 Personas,2,0,2,1,0,0,1,1,1,2,Centro,234.7903811881
7651,3,5,1,1 Persona,1,0,1,0,0,0,0,2,2,2,,1059.6507973663
7652,1,2,3,3 o 4 Personas,3,0,3,2,0,0,2,2,1,2,Oeste,157.1802660268
7653,3,5,1,1 Persona,1,0,1,0,0,0,0,0,2,1,,380.5788075048
7654,3,9,4,5 o mas Personas,6,0,6,1,1,0,2,2,1,1,,296.1164743878
7655,3,5,1,1 Persona,1,0,1,0,0,0,0,0,2,2,,626.8356829491
7656,1,3,3,3 o 4 Personas,3,0,3,0,0,0,0,0,2,2,Centro,345.4723098399
7663,1,2,1,1 Persona,1,0,1,0,0,0,0,0,2,2,Este,392.5524637158
7673,1,1,1,1 Persona,1,0,1,0,0,0,0,0,2,2,Oeste,116.2332739075
7758,1,3,2,2 Personas,2,0,2,2,0,0,2,2,1,1,Este,200.2088521759
7759,1,3,1,1 Persona,1,0,1,1,0,0,1,4,1,2,Este,239.7507074629
7760,1,3,2,2 Personas,2,0,2,0,0,0,0,0,2,2,Este,152.8867598434
7761,1,2,3,3 o 4 Personas,4,0,4,0,0,0,0,2,2,2,Este,1044.7705376898
7762,1,2,2,2 Personas,2,0,2,1,0,0,1,1,1,2,Este,1487.8885765745
7764,1,3,1,1 Persona,1,0,1,0,0,0,0,0,2,2,Este,932.3638623559
7765,1,2,3,3 o 4 Personas,3,0,3,0,0,0,0,0,2,2,Este,1156.3976714829
7766,1,3,4,5 o mas Personas,5,0,5,0,0,0,0,0,2,2,Este,974.3487288036
7147,3,5,2,2 Personas,2,0,2,0,0,0,0,1,2,2,,440.1330921903
7148,1,3,3,3 o 4 Personas,3,0,3,2,0,0,2,1,1,2,Oeste,351.6414582299
7150,1,1,3,3 o 4 Personas,3,1,2,1,0,0,1,1,1,2,Este,208.1304184134
7289,1,1,2,2 Personas,2,0,2,0,0,0,0,0,2,2,Este,230.776866037
7290,1,1,1,1 Persona,1,0,1,0,0,0,0,0,2,2,Este,318.565269228
7292,1,1,2,2 Personas,2,0,2,0,0,0,0,0,2,2,Este,208.9466219524
7482,1,1,3,3 o 4 Personas,3,0,3,2,0,0,2,0,2,2,Este,378.4189425697
7531,1,2,3,3 o 4 Personas,4,0,4,0,0,0,0,0,2,1,Este,720.1816327765
7533,1,3,2,2 Personas,2,0,2,1,0,0,1,1,1,2,Este,453.2000381072
7534,1,3,2,2 Personas,2,0,2,1,0,0,1,2,1,2,Este,131.0457941515
7535,1,3,2,2 Personas,2,0,2,0,0,0,0,0,2,2,Este,131.0457941515
7536,1,4,3,3 o 4 Personas,4,0,4,1,0,0,1,1,1,2,Centro,216.5457345069
7537,1,3,3,3 o 4 Personas,3,0,3,0,0,0,0,0,2,1,Este,148.05956136
7538,1,3,1,1 Persona,1,0,1,0,0,0,0,1,2,2,Este,106.5558699835
7539,1,2,3,3 o 4 Personas,3,0,3,1,0,0,1,1,1,2,Este,359.2691794898
7540,16,5,1,1 Persona,1,0,1,0,1,0,1,3,2,1,,826.3217841161
7541,1,3,2,2 Personas,2,0,2,0,0,0,0,0,2,2,Este,152.8867598434
7560,1,1,2,2 Personas,2,0,2,0,0,0,0,1,2,2,Este,240.1326849304
7561,1,2,3,3 o 4 Personas,3,0,3,1,0,0,1,1,1,2,Este,359.2691794898
7562,1,1,1,1 Persona,1,0,1,0,0,0,0,0,2,2,Este,331.4800774399
7563,1,1,2,2 Personas,2,0,2,0,0,0,0,1,2,2,Este,240.1326849304
7635,1,3,4,5 o mas Personas,5,0,5,0,0,1,1,0,1,2,Centro,307.6890722538
7636,3,5,3,3 o 4 Personas,3,0,3,0,1,0,1,0,2,2,,248.2304707751
7638,1,1,2,2 Personas,2,0,2,0,0,0,0,1,2,2,Oeste,201.1501062079
7639,1,2,1,1 Persona,1,0,1,1,0,0,1,0,1,2,Centro,709.6140690246
7640,1,3,2,2 Personas,2,0,2,0,0,0,0,0,2,2,Centro,305.7735196868
7641,1,1,2,2 Personas,2,0,2,0,0,0,0,0,2,2,Oeste,218.3024408458
7643,3,5,4,5 o mas Personas,7,0,7,0,1,0,1,2,1,2,,329.0183048753
7658,1,4,3,3 o 4 Personas,4,0,4,1,0,0,1,1,1,2,Centro,201.0781820421
7665,1,1,3,3 o 4 Personas,4,0,4,0,1,0,1,3,2,1,Oeste,219.2415284909
7666,3,5,2,2 Personas,2,0,2,0,0,0,0,1,2,2,,410.7908860443
7667,1,1,3,3 o 4 Personas,3,0,3,0,0,0,0,0,2,2,Oeste,756.8378851395
7676,3,5,1,1 Persona,1,0,1,0,1,0,1,2,2,1,,194.0205685319
7682,3,5,2,2 Personas,2,0,2,0,0,0,0,2,2,2,,733.5551536505
7691,1,1,3,3 o 4 Personas,4,0,4,0,0,0,0,0,2,2,Oeste,414.781270118
7697,3,5,1,1 Persona,1,0,1,0,0,0,0,2,2,2,,559.6747169188
7698,1,4,1,1 Persona,1,0,1,0,0,0,0,0,2,2,Centro,142.3041897247
7716,1,2,1,1 Persona,1,0,1,0,0,0,0,0,2,2,Oeste,849.2721570774
7717,3,5,3,3 o 4 Personas,4,0,4,0,0,0,0,0,2,2,,657.1774589683
7719,1,1,3,3 o 4 Personas,4,0,4,2,0,0,2,4,1,2,Oeste,159.9870613312
7726,1,1,4,5 o mas Personas,8,0,8,1,1,0,2,5,1,1,Oeste,143.1359349499
7738,1,1,3,3 o 4 Personas,3,0,3,0,0,0,0,0,2,2,Oeste,567.6284138546
7743,1,3,3,3 o 4 Personas,4,0,4,0,0,0,0,0,2,2,Centro,160.4127441368
7744,1,1,3,3 o 4 Personas,4,0,4,0,0,0,0,0,2,2,Oeste,959.9223679873
7745,1,1,3,3 o 4 Personas,3,0,3,0,0,0,0,0,2,2,Oeste,151.3675770279
7767,1,3,1,1 Persona,1,0,1,0,0,0,0,0,2,2,Este,932.3638623559
7768,1,2,1,1 Persona,1,0,1,0,0,0,0,0,1,2,Este,392.5524637158
7769,1,3,2,2 Personas,2,0,2,0,0,0,0,0,2,2,Este,1146.6506988255
7770,1,2,3,3 o 4 Personas,3,1,2,0,0,0,0,0,1,2,Este,696.0840352615
7771,1,2,1,1 Persona,1,0,1,0,0,0,0,0,2,2,Este,468.0433221226
7772,1,3,3,3 o 4 Personas,4,2,2,0,0,0,0,0,2,2,Este,494.9878961937
7773,1,2,2,2 Personas,2,0,2,0,1,0,1,1,2,1,Este,303.6507299132
7774,1,1,3,3 o 4 Personas,4,0,4,0,1,0,1,1,2,2,Este,106.6580408875
7775,1,2,1,1 Persona,1,0,1,0,0,0,0,0,2,2,Este,226.4725752206
7776,1,2,3,3 o 4 Personas,4,0,4,0,0,0,0,0,2,2,Este,131.864242621
7777,1,1,3,3 o 4 Personas,3,0,3,0,0,0,0,0,2,1,Este,624.3912552401
7778,1,1,3,3 o 4 Personas,3,0,3,0,0,0,0,0,2,2,Este,510.8655724692
7779,3,5,3,3 o 4 Personas,4,2,2,0,0,0,0,2,2,2,,2135.8267416469
7780,1,1,3,3 o 4 Personas,3,0,3,0,0,0,0,0,2,2,Oeste,75.6837885139
7781,1,1,2,2 Personas,2,0,2,1,0,0,1,1,1,2,Oeste,106.0326141251
7782,1,1,4,5 o mas Personas,6,0,6,0,0,0,0,2,2,2,Oeste,71.5679674749
7129,1,4,1,1 Persona,1,0,1,0,0,0,0,0,2,2,Centro,155.6452075114
7130,1,3,3,3 o 4 Personas,4,0,4,0,0,0,0,0,1,2,Oeste,238.3275055747
7131,1,3,2,2 Personas,2,0,2,1,0,0,1,0,2,2,Centro,167.447403638
7183,1,1,3,3 o 4 Personas,3,0,3,1,0,0,1,0,2,2,Este,113.5256827709
7194,1,2,2,2 Personas,2,0,2,1,1,0,2,1,1,1,Oeste,910.9521897395
7552,1,1,2,2 Personas,2,0,2,0,0,0,0,0,2,2,Este,238.5733817815
7200,1,3,2,2 Personas,2,0,2,0,0,0,0,0,2,2,Centro,422.2586700437
7204,1,3,4,5 o mas Personas,5,0,5,0,0,0,0,0,2,2,Oeste,256.4075602115
7205,1,2,1,1 Persona,1,0,1,0,0,0,0,0,2,2,Centro,261.7016424772
7206,1,3,1,1 Persona,1,0,1,0,0,0,0,0,2,2,Centro,420.3037093795
7207,1,2,3,3 o 4 Personas,3,0,3,1,0,0,1,1,1,2,Oeste,449.0864743623
7208,1,3,3,3 o 4 Personas,4,1,3,1,1,0,2,0,1,1,Centro,284.1597181852
7256,16,48,2,2 Personas,2,0,2,0,1,0,1,0,2,1,,987.7034499607
7258,1,2,4,5 o mas Personas,7,0,7,0,0,0,0,0,2,2,Oeste,554.398560766
7259,3,5,2,2 Personas,2,0,2,0,1,0,1,2,2,1,,195.6147076401
7260,3,5,3,3 o 4 Personas,4,0,4,0,0,0,0,3,1,1,,624.3185860199
7261,1,1,3,3 o 4 Personas,3,1,2,0,0,0,0,0,2,2,Este,359.4979954413
7262,1,4,2,2 Personas,2,0,2,1,0,0,1,1,1,2,Centro,126.2661024292
7263,1,4,3,3 o 4 Personas,4,0,4,3,0,0,3,3,1,2,Centro,523.3188583917
7264,3,5,3,3 o 4 Personas,4,0,4,0,1,0,1,1,2,2,,744.801120164
7265,1,1,4,5 o mas Personas,10,0,10,0,0,0,0,1,2,2,Este,304.1638617685
7267,1,2,3,3 o 4 Personas,4,0,4,1,1,0,2,1,2,2,Este,1125.9177639181
7268,3,5,3,3 o 4 Personas,3,0,3,0,2,0,2,0,2,1,,208.513595451
7269,1,3,3,3 o 4 Personas,3,1,2,0,0,0,0,0,2,2,Oeste,213.8638108533
7270,1,1,4,5 o mas Personas,5,0,5,0,0,0,0,0,2,2,Este,925.6523037734
7271,1,2,2,2 Personas,2,0,2,0,0,0,0,0,2,2,Este,212.5555109392
7272,3,5,3,3 o 4 Personas,3,0,3,1,1,0,2,1,1,2,,297.8765649301
7276,1,3,4,5 o mas Personas,5,1,4,0,1,0,1,0,2,1,Oeste,347.5746927311
7280,3,9,2,2 Personas,2,0,2,0,0,0,0,0,2,2,,88.0266184381
7282,1,3,3,3 o 4 Personas,4,0,4,0,0,0,0,0,2,2,Oeste,242.9107268358
7286,3,5,1,1 Persona,1,0,1,0,1,0,1,1,1,2,,783.5446036863
7287,3,5,3,3 o 4 Personas,4,0,4,1,0,1,2,2,1,2,,569.5537977725
7288,1,1,4,5 o mas Personas,5,0,5,1,0,0,1,1,1,2,Oeste,433.8995173938
7543,1,1,2,2 Personas,2,0,2,0,0,0,0,0,2,2,Este,442.8420942872
7544,3,5,4,5 o mas Personas,6,0,6,0,0,0,0,3,2,2,,715.6148131038
7547,16,49,4,5 o mas Personas,7,0,7,1,1,0,2,4,2,2,,1342.484185629
7548,1,3,3,3 o 4 Personas,3,0,3,2,0,0,2,0,1,2,Este,2017.3115235293
7550,1,2,3,3 o 4 Personas,3,0,3,0,2,0,2,1,2,2,Oeste,538.9037692347
7551,1,3,3,3 o 4 Personas,4,0,4,1,1,0,2,2,1,1,Este,164.9959653979
7783,3,5,4,5 o mas Personas,6,0,6,0,0,0,0,0,2,1,,2336.0299646148
7784,1,1,4,5 o mas Personas,5,0,5,1,0,0,1,3,1,2,Oeste,245.8763931898
7785,1,1,2,2 Personas,2,0,2,0,0,0,0,2,2,2,Oeste,1225.6122750342
7786,1,4,1,1 Persona,1,0,1,0,0,0,0,0,2,2,Centro,142.3041897247
7787,3,5,3,3 o 4 Personas,4,0,4,1,0,0,1,1,1,1,,394.306475381
7788,1,3,1,1 Persona,1,0,1,0,0,0,0,0,2,2,Centro,284.1489866227
7789,1,3,4,5 o mas Personas,5,0,5,1,0,0,1,0,1,2,Centro,666.6596565498
7790,1,1,4,5 o mas Personas,5,0,5,0,0,0,0,1,2,2,Oeste,404.9728829008
7791,1,1,3,3 o 4 Personas,3,0,3,1,0,0,1,1,1,2,Oeste,214.4374007895
7793,1,3,2,2 Personas,2,0,2,0,0,0,0,0,1,2,Centro,349.4554510706
7795,1,4,1,1 Persona,1,0,1,0,0,0,0,1,2,2,Centro,564.7697529698
7797,1,1,3,3 o 4 Personas,4,0,4,0,0,0,0,0,2,2,Oeste,331.8250160944
7798,1,1,4,5 o mas Personas,6,0,6,1,0,0,1,1,1,1,Oeste,966.1675609117
7799,1,4,2,2 Personas,2,0,2,1,0,0,1,1,1,2,Centro,169.8061377497
7801,1,1,3,3 o 4 Personas,3,0,3,0,0,0,0,0,2,2,Oeste,353.1910130651
7802,1,3,2,2 Personas,2,0,2,0,0,0,0,0,2,2,Centro,338.5349682247
7803,1,3,2,2 Personas,2,0,2,0,0,0,0,0,2,2,Oeste,311.2337611098
7804,1,1,3,3 o 4 Personas,4,0,4,0,1,0,1,1,2,1,Oeste,331.8250160944
7805,1,1,2,2 Personas,2,0,2,0,0,0,0,0,2,2,Oeste,74.8465511471
7806,1,3,2,2 Personas,2,0,2,0,0,0,0,0,2,2,Centro,349.4554510706
7807,1,3,3,3 o 4 Personas,4,0,4,1,0,0,1,1,1,2,Oeste,116.8721421568
7808,1,1,2,2 Personas,2,0,2,0,1,0,1,1,2,1,Oeste,106.0326141251
7809,1,4,1,1 Persona,1,0,1,0,0,0,0,1,2,2,Centro,969.4472924993
7810,1,3,2,2 Personas,2,0,2,0,1,0,1,1,2,1,Oeste,251.171105457
7811,1,2,4,5 o mas Personas,6,1,5,0,0,0,0,0,2,2,Oeste,1247.3967617234
7812,1,3,1,1 Persona,1,0,1,0,0,0,0,0,2,2,Oeste,603.8165965733
7813,1,1,2,2 Personas,2,0,2,1,0,0,1,1,1,2,Oeste,218.3024408458
7814,1,2,2,2 Personas,2,0,2,0,0,0,0,0,2,2,Oeste,334.0158029045
7815,1,1,4,5 o mas Personas,8,2,6,0,0,0,0,2,2,2,Este,125.2439430811
7816,1,4,3,3 o 4 Personas,4,0,4,2,0,1,3,3,1,2,Centro,139.207972183
7184,1,3,3,3 o 4 Personas,3,1,2,0,0,0,0,0,2,2,Centro,993.2328907897
7185,1,4,4,5 o mas Personas,6,0,6,2,0,0,2,1,1,2,Centro,298.652632302
7187,1,3,3,3 o 4 Personas,3,0,3,1,0,0,1,0,1,2,Centro,567.5616518798
7188,1,3,3,3 o 4 Personas,4,0,4,1,0,0,1,0,2,2,Centro,240.6191162052
7189,1,2,1,1 Persona,1,0,1,0,0,0,0,0,2,2,Centro,226.4725752206
7190,1,2,2,2 Personas,2,0,2,0,0,0,0,0,2,2,Este,511.1453953538
7191,1,2,2,2 Personas,2,0,2,0,0,0,0,0,2,2,Centro,766.7180930308
7192,1,3,3,3 o 4 Personas,3,1,2,1,0,0,1,0,2,2,Oeste,193.2999828866
7193,3,5,4,5 o mas Personas,5,0,5,1,1,0,2,2,2,2,,955.4241935193
7293,1,1,4,5 o mas Personas,6,0,6,0,0,0,0,0,2,2,Oeste,483.0837804558
7294,3,5,3,3 o 4 Personas,3,0,3,0,0,0,0,0,2,2,,327.6642214231
7295,1,4,2,2 Personas,2,0,2,0,0,0,0,0,2,2,Centro,213.3461730701
7297,1,2,4,5 o mas Personas,6,1,5,1,1,0,2,1,1,1,Este,733.7628010138
7298,1,1,3,3 o 4 Personas,3,0,3,0,0,0,0,0,2,2,Oeste,141.9071034637
7313,1,1,3,3 o 4 Personas,4,1,3,0,0,0,0,0,2,2,Este,397.00492997
7314,1,2,3,3 o 4 Personas,4,0,4,1,0,0,1,0,1,2,Este,760.7552458906
7333,1,2,3,3 o 4 Personas,3,0,3,0,0,0,0,0,2,2,Oeste,763.4470064159
7334,1,3,3,3 o 4 Personas,3,0,3,0,1,0,1,1,2,1,Oeste,172.7361549199
7335,1,3,1,1 Persona,1,0,1,0,0,0,0,0,2,2,Oeste,195.3524283031
7336,1,2,2,2 Personas,2,0,2,0,0,0,0,0,2,2,Oeste,273.2856569219
7338,1,1,3,3 o 4 Personas,4,0,4,0,0,0,0,0,2,2,Oeste,171.8379547632
7339,1,2,3,3 o 4 Personas,4,0,4,1,1,0,2,3,2,1,Oeste,256.9662163897
7340,1,1,3,3 o 4 Personas,3,1,2,0,0,0,0,0,2,2,Oeste,435.1817839552
7341,1,3,1,1 Persona,1,0,1,0,0,0,0,0,1,2,Oeste,124.3151816475
7342,16,48,4,5 o mas Personas,5,1,4,0,1,0,1,2,2,1,,468.4126592437
7343,1,1,3,3 o 4 Personas,3,0,3,0,1,0,1,1,2,1,Oeste,141.9071034637
7344,3,5,3,3 o 4 Personas,3,0,3,1,0,0,1,1,1,2,,327.6642214231
7346,3,9,2,2 Personas,2,0,2,0,1,0,1,0,2,1,,293.4220614602
7347,3,9,1,1 Persona,1,0,1,0,0,0,0,1,2,2,,111.9349433838
7348,3,9,1,1 Persona,1,0,1,0,1,1,2,2,1,1,,0
7349,3,5,1,1 Persona,1,0,1,1,0,1,2,2,1,1,,134.3219320605
7350,1,2,3,3 o 4 Personas,3,0,3,0,1,0,1,1,2,2,Este,479.0255726531
7351,1,2,2,2 Personas,2,0,2,0,0,0,0,1,2,2,Este,404.8676398842
7353,1,3,3,3 o 4 Personas,4,1,3,1,0,0,1,1,1,2,Este,405.6150816031
7354,1,1,1,1 Persona,1,0,1,0,0,0,0,1,2,2,Oeste,232.466547815
7355,1,4,3,3 o 4 Personas,4,0,4,4,0,0,4,3,1,2,Centro,355.7537066899
7362,3,5,4,5 o mas Personas,6,0,6,0,0,1,1,1,1,2,,246.7637286565
7363,1,3,3,3 o 4 Personas,4,0,4,1,0,0,1,0,1,2,Este,160.4127441368
7364,1,4,3,3 o 4 Personas,3,0,3,0,0,0,0,0,2,2,Centro,125.5525371673
7365,1,3,1,1 Persona,1,0,1,0,0,0,0,1,2,2,Centro,251.5902485722
7366,1,4,1,1 Persona,1,0,1,1,0,0,1,1,1,2,Centro,93.3871245068
7367,1,2,3,3 o 4 Personas,3,0,3,0,0,0,0,0,2,2,Oeste,254.482335472
7368,1,3,2,2 Personas,2,0,2,1,0,0,1,0,2,2,Centro,349.4554510706
7369,1,4,3,3 o 4 Personas,4,0,4,2,0,0,2,1,1,2,Centro,536.2084854457
7370,3,5,4,5 o mas Personas,6,0,6,0,1,0,1,1,2,1,,616.9093216412
7371,3,5,2,2 Personas,2,0,2,0,0,0,0,2,2,2,,146.7110307301
7381,3,5,4,5 o mas Personas,7,0,7,0,0,0,0,0,2,2,,592.2329487756
7382,1,4,3,3 o 4 Personas,3,1,2,2,0,0,2,3,1,2,Centro,236.334187609
7384,3,5,3,3 o 4 Personas,4,0,4,0,0,0,0,0,2,2,,438.1183059789
7385,1,4,3,3 o 4 Personas,3,1,2,1,0,0,1,1,1,2,Centro,576.064582297
7386,1,4,3,3 o 4 Personas,4,0,4,1,0,0,1,1,1,2,Centro,502.6954551053
7389,1,3,2,2 Personas,2,0,2,0,0,0,0,0,2,2,Centro,222.0498178678
7393,3,5,3,3 o 4 Personas,3,1,2,0,0,1,1,1,2,2,,407.0979720711
7404,3,5,4,5 o mas Personas,6,0,6,0,0,0,0,0,2,2,,1381.8768804764
7405,1,3,2,2 Personas,2,0,2,1,0,0,1,0,2,2,Centro,222.0498178678
7406,3,5,1,1 Persona,1,0,1,0,0,0,0,0,2,2,,149.2465911783
7407,3,5,2,2 Personas,2,0,2,1,0,0,1,1,1,2,,303.2027968422
7408,1,3,2,2 Personas,2,0,2,0,0,0,0,0,2,2,Centro,334.894807276
7409,3,5,2,2 Personas,2,0,2,0,0,0,0,0,2,2,,440.1330921903
7410,1,3,4,5 o mas Personas,5,0,5,1,0,0,1,1,1,2,Centro,1444.429255858
7413,3,5,3,3 o 4 Personas,3,0,3,0,1,0,1,0,2,2,,536.1778168741
7414,1,1,1,1 Persona,1,0,1,0,0,0,0,1,2,2,Oeste,253.9912281682
7415,3,5,3,3 o 4 Personas,3,0,3,0,0,0,0,0,2,2,,446.8148473951
7416,1,3,1,1 Persona,1,0,1,0,0,0,0,0,2,2,Oeste,195.3524283031
7417,1,2,1,1 Persona,1,0,1,0,0,0,0,0,2,2,Oeste,513.3378371668
7418,3,5,2,2 Personas,2,0,2,0,0,0,0,0,2,2,,303.2027968422
7151,1,3,2,2 Personas,2,0,2,0,0,0,0,0,2,1,Oeste,387.6771410315
7152,1,4,3,3 o 4 Personas,4,0,4,1,0,0,1,1,1,2,Este,193.3444058097
7153,1,3,1,1 Persona,1,0,1,0,0,0,0,0,2,2,Oeste,75.4770745717
7154,1,1,3,3 o 4 Personas,4,0,4,0,0,0,0,0,2,2,Este,1795.4103549392
7155,3,5,4,5 o mas Personas,5,0,5,0,1,0,1,0,2,1,,375.9046007289
7157,3,5,2,2 Personas,2,0,2,0,1,0,1,1,2,1,,352.1064737523
7240,1,1,4,5 o mas Personas,6,0,6,0,0,0,0,0,2,2,Oeste,184.8839159769
7241,3,5,1,1 Persona,1,0,1,0,0,0,0,0,2,2,,305.9555119156
7242,1,4,2,2 Personas,2,0,2,2,0,0,2,1,1,2,Centro,1436.8211655741
7243,16,48,3,3 o 4 Personas,4,0,4,0,2,0,2,0,2,1,,185.4075368634
7244,3,5,1,1 Persona,1,0,1,0,0,0,0,0,2,2,,727.5771319944
7245,1,1,3,3 o 4 Personas,3,0,3,0,0,0,0,0,2,2,Este,170.2885241564
7246,3,5,3,3 o 4 Personas,3,0,3,0,1,0,1,1,1,2,,337.5934402541
7247,1,4,1,1 Persona,1,0,1,1,0,0,1,0,1,2,Centro,88.9401185779
7248,1,2,3,3 o 4 Personas,4,0,4,0,1,0,1,0,2,1,Oeste,229.9171409803
7249,1,1,1,1 Persona,1,0,1,0,0,0,0,2,2,2,Este,262.6011003095
7250,1,2,2,2 Personas,2,0,2,1,0,0,1,1,1,2,Oeste,172.0687469508
7251,1,2,2,2 Personas,2,0,2,0,0,1,1,0,1,1,Oeste,192.312128945
7252,3,5,3,3 o 4 Personas,3,0,3,1,0,0,1,1,2,2,,307.8057837611
7253,1,3,2,2 Personas,2,0,2,0,2,0,2,1,2,1,Centro,309.4136806354
7254,1,1,1,1 Persona,1,0,1,0,1,0,1,1,2,1,Oeste,133.4530181901
7255,16,48,2,2 Personas,2,1,1,0,1,0,1,0,2,1,,344.9123158593
7419,1,4,3,3 o 4 Personas,3,0,3,2,0,0,2,2,1,2,Centro,343.4231163694
7420,3,5,2,2 Personas,2,0,2,0,0,0,0,0,2,2,,366.7775768253
7421,3,5,2,2 Personas,2,0,2,1,0,1,2,2,1,2,,234.7376491682
7422,1,2,1,1 Persona,1,0,1,0,0,0,0,0,2,2,Este,1056.8720176963
7465,1,1,3,3 o 4 Personas,4,0,4,0,0,0,0,0,2,2,Oeste,616.246458461
7466,1,3,4,5 o mas Personas,5,0,5,0,0,0,0,0,2,2,Centro,581.1904698127
7467,1,4,1,1 Persona,1,0,1,0,0,0,0,0,2,2,Centro,464.7121195696
7468,1,2,3,3 o 4 Personas,3,0,3,0,0,0,0,3,2,1,Oeste,370.4963413489
7469,1,2,3,3 o 4 Personas,3,0,3,0,0,1,1,0,2,2,Oeste,718.5383589796
7470,1,4,1,1 Persona,1,0,1,0,0,0,0,1,2,2,Centro,308.3257444034
7471,1,1,3,3 o 4 Personas,4,0,4,0,0,0,0,0,2,2,Oeste,171.8379547632
7472,1,4,3,3 o 4 Personas,3,0,3,1,0,0,1,1,1,2,Centro,206.7924141579
7473,1,4,2,2 Personas,2,0,2,1,0,0,1,1,1,2,Centro,653.1005298064
7475,1,1,1,1 Persona,1,0,1,0,0,0,0,1,2,2,Oeste,167.8925067553
7476,1,3,4,5 o mas Personas,7,0,7,0,0,0,0,1,2,2,Centro,1406.849871834
7477,1,1,2,2 Personas,2,0,2,0,0,0,0,1,2,2,Oeste,121.6256456141
7478,1,4,1,1 Persona,1,0,1,1,0,0,1,1,1,2,Centro,464.7121195696
7479,3,9,2,2 Personas,2,0,2,0,0,0,0,1,2,2,,117.3688245841
7480,3,9,2,2 Personas,2,0,2,0,0,0,0,0,2,2,,352.1064737523
7481,3,9,3,3 o 4 Personas,3,0,3,1,0,0,1,1,1,2,,119.150625972
7483,1,2,3,3 o 4 Personas,4,2,2,0,0,0,0,0,2,2,Oeste,791.1854557263
7484,1,1,3,3 o 4 Personas,4,0,4,0,0,0,0,0,2,2,Oeste,242.9433153548
7503,1,1,4,5 o mas Personas,6,1,5,0,0,0,0,0,2,2,Este,125.2439430811
7504,1,1,3,3 o 4 Personas,3,0,3,0,1,0,1,0,2,2,Oeste,245.9723126703
7505,3,9,2,2 Personas,2,0,2,0,1,0,1,0,2,1,,176.0532368761
7506,1,1,2,2 Personas,2,0,2,1,0,0,1,1,2,2,Oeste,324.3350549709
7507,3,9,2,2 Personas,2,0,2,0,0,0,0,2,1,2,,352.1064737523
7508,1,1,3,3 o 4 Personas,4,0,4,0,1,0,1,1,2,1,Este,124.4343810354
7509,1,2,4,5 o mas Personas,5,1,4,1,1,0,2,1,1,2,Oeste,819.670626377
7510,3,9,1,1 Persona,1,0,1,0,0,0,0,1,2,2,,134.3219320605
7511,1,1,2,2 Personas,2,0,2,0,1,0,1,3,2,1,Este,121.6256456141
7512,3,9,1,1 Persona,1,0,1,0,0,0,0,3,2,2,,268.643864121
7513,1,2,3,3 o 4 Personas,3,0,3,0,1,0,1,3,2,1,Este,1089.0347003285
7514,1,2,3,3 o 4 Personas,4,0,4,1,0,0,1,4,1,2,Oeste,182.5812590138
7515,3,9,3,3 o 4 Personas,3,0,3,1,0,0,1,0,2,2,,238.301251944
7516,1,1,2,2 Personas,2,0,2,0,0,0,0,0,2,2,Este,65.4907322537
7517,1,2,3,3 o 4 Personas,4,0,4,0,0,0,0,0,2,2,Oeste,182.5812590138
7518,3,9,1,1 Persona,1,0,1,1,0,0,1,4,2,1,,111.9349433838
7519,1,1,2,2 Personas,2,0,2,0,0,0,0,0,2,2,Oeste,196.4721967612
7520,1,1,2,2 Personas,2,0,2,0,0,0,0,0,2,2,Oeste,121.6256456141
7521,3,5,1,1 Persona,1,0,1,0,0,0,0,1,2,2,,1253.6713658981
7522,1,1,3,3 o 4 Personas,3,0,3,0,0,0,0,0,2,2,Oeste,372.1119601936
7524,1,1,1,1 Persona,1,0,1,1,0,0,1,1,1,2,Oeste,271.2109724508
7525,1,1,4,5 o mas Personas,6,0,6,0,0,0,0,1,2,2,Oeste,375.7318292434
7526,1,1,2,2 Personas,2,0,2,0,1,0,1,1,2,1,Oeste,444.4013974361
7528,1,3,1,1 Persona,1,0,1,0,0,0,0,0,2,2,Este,368.5057170264
7529,1,2,2,2 Personas,2,0,2,0,0,0,0,0,2,2,Este,182.1904379479
7530,3,9,4,5 o mas Personas,5,0,5,0,0,0,0,0,2,2,,375.9046007289
7555,1,1,3,3 o 4 Personas,4,3,1,0,0,0,0,0,2,2,Este,675.5009256207
7556,1,2,3,3 o 4 Personas,4,0,4,0,0,0,0,0,2,2,Este,2048.9674622654
7557,1,3,3,3 o 4 Personas,4,0,4,2,0,0,2,0,1,2,Este,357.4912583621
7558,1,3,3,3 o 4 Personas,3,0,3,0,0,0,0,0,2,2,Este,888.3573681597
7559,1,3,1,1 Persona,1,0,1,0,0,0,0,0,2,2,Este,603.8165965733
7564,1,2,3,3 o 4 Personas,3,0,3,1,1,0,2,1,2,1,Este,1077.8075384695
7565,1,3,2,2 Personas,2,0,2,0,0,0,0,0,2,2,Este,152.8867598434
7137,1,3,3,3 o 4 Personas,3,0,3,0,0,0,0,0,2,1,Centro,629.2531357798
7138,1,3,3,3 o 4 Personas,4,0,4,0,1,0,1,1,1,1,Oeste,270.4100544021
7139,3,5,3,3 o 4 Personas,3,0,3,0,0,0,0,0,2,2,,878.7358665437
7140,1,2,3,3 o 4 Personas,3,0,3,1,0,0,1,0,1,2,Oeste,157.1802660268
7141,1,3,2,2 Personas,2,0,2,0,0,0,0,1,2,2,Oeste,287.5727149435
7143,3,5,2,2 Personas,2,0,2,0,0,0,0,0,2,2,,332.5450029882
7144,1,2,1,1 Persona,1,0,1,0,0,0,0,0,2,2,Oeste,105.6872017696
7145,1,3,1,1 Persona,1,0,1,1,0,0,1,1,1,2,Oeste,315.2277820346
7146,3,5,2,2 Personas,2,0,2,0,1,1,2,1,1,2,,332.5450029882
7451,1,3,1,1 Persona,1,0,1,0,0,0,0,0,2,2,Oeste,118.3954110928
7452,1,4,2,2 Personas,2,0,2,0,0,0,0,0,2,2,Centro,108.8500883011
7454,1,4,2,2 Personas,2,0,2,2,0,0,2,2,1,2,Centro,1358.4491019974
7455,1,3,3,3 o 4 Personas,3,0,3,0,0,0,0,0,2,2,Oeste,164.5106237333
7456,1,2,3,3 o 4 Personas,4,0,4,0,0,0,0,0,2,1,Oeste,628.8910032696
7457,1,1,2,2 Personas,2,0,2,0,1,0,1,0,2,1,Oeste,187.1163778678
7581,1,2,3,3 o 4 Personas,4,0,4,1,0,0,1,1,1,2,Este,162.2944524567
7464,1,1,1,1 Persona,1,0,1,0,0,0,0,1,2,2,Oeste,253.9912281682
7553,1,1,2,2 Personas,2,1,1,0,0,0,0,0,2,2,Este,93.5581889339
7554,1,2,3,3 o 4 Personas,4,0,4,0,0,0,0,1,2,1,Este,682.9891540885
7566,1,1,4,5 o mas Personas,9,0,9,0,0,0,0,0,2,2,Este,125.2439430811
7567,1,2,1,1 Persona,1,0,1,1,0,0,1,1,1,2,Este,505.7887513261
7568,1,1,2,2 Personas,2,0,2,0,0,0,0,0,2,2,Este,439.7234879894
7569,1,4,2,2 Personas,2,0,2,0,0,0,0,1,1,2,Centro,452.8163673325
7570,1,1,2,2 Personas,2,0,2,0,0,0,0,1,2,2,Este,439.7234879894
7571,1,4,2,2 Personas,2,0,2,1,0,0,1,1,1,2,Centro,770.6586251716
7572,1,3,2,2 Personas,2,0,2,0,0,0,0,1,2,2,Este,283.9325539949
7574,1,4,2,2 Personas,2,0,2,2,0,0,2,1,1,2,Centro,500.7104061849
7575,1,4,4,5 o mas Personas,6,0,6,0,0,0,0,0,2,2,Centro,875.7786649936
7576,1,1,3,3 o 4 Personas,3,0,3,0,1,0,1,1,2,1,Este,482.4841517764
7577,16,5,4,5 o mas Personas,5,1,4,0,1,0,1,0,2,1,,129.2172853086
7578,1,2,2,2 Personas,2,0,2,1,0,0,1,0,1,2,Este,508.6149726046
7579,1,1,1,1 Persona,1,0,1,0,0,0,0,0,2,2,Este,507.9824563365
7580,1,1,2,2 Personas,2,0,2,0,0,0,0,0,2,2,Este,286.9117793973
7582,1,3,3,3 o 4 Personas,4,0,4,1,0,0,1,1,1,1,Este,2248.0700285462
7583,1,1,2,2 Personas,2,0,2,0,2,0,2,2,2,1,Este,442.8420942872
7584,1,1,4,5 o mas Personas,6,0,6,0,0,0,0,4,2,2,Oeste,858.8156096993
7585,3,5,1,1 Persona,1,0,1,1,0,0,1,1,2,2,,291.0308527978
7587,1,2,3,3 o 4 Personas,3,0,3,0,0,0,0,0,2,2,Este,359.2691794898
7594,1,4,1,1 Persona,1,0,1,0,0,0,0,0,1,2,Centro,183.8095783944
7595,1,3,1,1 Persona,1,0,1,0,0,0,0,0,2,2,Centro,364.0658891104
7596,1,2,3,3 o 4 Personas,4,1,3,0,0,0,0,0,2,2,Centro,1156.3479737538
7597,1,3,2,2 Personas,2,0,2,0,0,0,0,0,2,2,Centro,327.6144853787
7598,1,1,2,2 Personas,2,0,2,0,0,0,0,1,2,2,Este,127.8628582097
7599,1,3,1,1 Persona,1,0,1,0,0,0,0,0,2,2,Este,603.8165965733
7600,1,2,1,1 Persona,1,0,1,0,0,0,0,1,2,2,Este,301.9634336275
7601,1,3,3,3 o 4 Personas,3,0,3,0,0,0,0,0,2,2,Centro,314.6265678899
7602,1,3,3,3 o 4 Personas,4,0,4,0,0,0,0,0,2,2,Este,293.3261607074
7603,1,4,1,1 Persona,1,0,1,0,0,0,0,0,2,2,Centro,284.6083794493
7604,1,3,1,1 Persona,1,0,1,0,0,0,0,0,2,2,Centro,364.0658891104
7605,1,2,2,2 Personas,2,0,2,0,0,0,0,0,2,2,Oeste,387.1546806393
7606,1,4,1,1 Persona,1,0,1,1,0,0,1,1,1,2,Centro,155.6452075114
7617,1,2,3,3 o 4 Personas,3,0,3,0,1,0,1,1,2,2,Este,269.4518846174
7618,1,2,1,1 Persona,1,0,1,0,0,0,0,0,2,1,Este,603.926867255
7619,1,1,3,3 o 4 Personas,4,0,4,0,0,0,0,0,2,2,Este,124.4343810354
7620,3,5,2,2 Personas,2,0,2,0,0,0,0,2,2,2,,322.7642676062
7621,3,9,3,3 o 4 Personas,3,0,3,2,0,0,2,2,2,1,,208.513595451
7622,3,5,2,2 Personas,2,0,2,1,0,0,1,2,1,2,,254.2991199322
7623,1,2,3,3 o 4 Personas,3,0,3,0,0,0,0,2,2,2,Este,235.7703990402
7624,1,1,3,3 o 4 Personas,3,0,3,0,0,0,0,0,2,2,Oeste,756.8378851395
7627,1,1,2,2 Personas,2,0,2,0,0,0,0,0,2,2,Oeste,944.9377082325
7629,1,1,2,2 Personas,2,0,2,0,0,0,0,0,2,2,Este,514.5700391365
7631,1,1,1,1 Persona,1,0,1,0,0,0,0,0,2,2,Oeste,258.2961642389
7632,3,5,3,3 o 4 Personas,3,1,2,1,1,0,2,4,1,1,,417.0271909021
7677,1,1,3,3 o 4 Personas,3,1,2,0,0,0,0,1,2,2,Oeste,454.1027310837
7692,1,1,3,3 o 4 Personas,3,0,3,0,0,0,0,0,2,2,Oeste,756.8378851395
7693,3,5,3,3 o 4 Personas,3,0,3,0,0,0,0,0,2,2,,208.513595451
7695,1,4,2,2 Personas,2,0,2,0,0,0,0,0,2,2,Centro,444.1083602684
7817,1,3,3,3 o 4 Personas,3,1,2,0,0,0,0,0,2,2,Centro,123.3829678
7819,1,1,2,2 Personas,2,0,2,1,1,0,2,2,1,1,Oeste,729.7538736845
7820,1,3,3,3 o 4 Personas,4,0,4,0,1,0,1,0,2,1,Centro,389.5738071895
7830,1,4,1,1 Persona,1,0,1,1,0,0,1,1,2,2,Centro,176.3979018462
7831,1,2,3,3 o 4 Personas,3,0,3,2,0,0,2,0,2,2,Oeste,740.9926826978
7835,1,4,1,1 Persona,1,0,1,0,0,0,0,0,2,2,Centro,176.3979018462
7843,1,3,1,1 Persona,1,0,1,1,0,0,1,0,1,2,Centro,275.2693307908
7844,1,3,1,1 Persona,1,0,1,0,0,0,0,0,2,2,Centro,251.5902485722
7847,1,3,1,1 Persona,1,0,1,0,0,0,0,0,2,2,Oeste,156.873919698
7849,1,4,1,1 Persona,1,0,1,1,0,0,1,1,2,2,Centro,155.6452075114
7856,1,3,1,1 Persona,1,0,1,0,0,0,0,0,2,2,Oeste,174.6332313619
7857,1,3,2,2 Personas,2,0,2,0,0,0,0,0,2,2,Oeste,114.6650698825
7858,1,3,3,3 o 4 Personas,3,1,2,0,0,0,0,1,2,2,Centro,1122.7850069796
7859,1,3,2,2 Personas,2,0,2,0,0,0,0,0,2,2,Oeste,105.5646675109
7860,1,3,2,2 Personas,2,0,2,1,0,0,1,1,2,2,Centro,513.26269376
7861,1,2,2,2 Personas,2,0,2,0,0,0,0,0,2,2,Oeste,258.1031204262
7862,1,3,1,1 Persona,1,0,1,0,0,0,0,0,2,2,Oeste,180.5530019165
7863,1,3,1,1 Persona,1,0,1,0,0,0,0,0,2,2,Oeste,118.3954110928
7864,1,3,2,2 Personas,2,0,2,0,0,0,0,0,2,2,Oeste,742.5928335251
7865,1,3,2,2 Personas,2,0,2,0,0,0,0,0,2,2,Oeste,496.881969491
7866,1,3,2,2 Personas,2,0,2,1,0,0,1,1,1,2,Oeste,551.4843837208
7867,1,3,3,3 o 4 Personas,4,0,4,1,0,0,1,0,2,2,Oeste,132.9134165705
7878,1,3,3,3 o 4 Personas,3,0,3,3,0,0,3,3,1,2,Oeste,623.0839873898
7882,1,3,3,3 o 4 Personas,3,0,3,0,0,0,0,0,2,2,Oeste,351.6414582299
7883,3,9,1,1 Persona,1,0,1,0,0,0,0,0,2,2,,559.6747169188
7884,3,5,2,2 Personas,2,0,2,0,0,0,0,0,2,2,,220.0665460952
7885,1,1,3,3 o 4 Personas,3,0,3,0,1,0,1,0,2,1,Este,422.5678192029
7886,3,5,1,1 Persona,1,0,1,0,0,0,0,2,2,1,,190.2894037524
7887,1,1,1,1 Persona,1,0,1,0,0,0,0,0,2,2,Este,245.3813560269
7821,1,4,1,1 Persona,1,0,1,1,0,0,1,0,1,2,Centro,466.9356225341
7822,1,4,3,3 o 4 Personas,3,0,3,1,0,0,1,0,1,2,Centro,273.2614044229
7823,1,1,3,3 o 4 Personas,3,0,3,2,0,0,2,1,1,2,Oeste,567.6284138546
7825,1,3,2,2 Personas,2,0,2,1,0,0,1,1,1,2,Centro,167.447403638
7826,1,4,3,3 o 4 Personas,4,0,4,0,0,0,0,0,2,2,Centro,270.6821681336
7827,16,49,4,5 o mas Personas,5,0,5,0,0,1,1,1,1,2,,193.8259279629
7828,1,3,1,1 Persona,1,0,1,0,0,0,0,0,2,2,Oeste,180.5530019165
7832,1,4,1,1 Persona,1,0,1,1,0,0,1,1,1,2,Centro,466.9356225341
7833,1,4,3,3 o 4 Personas,3,0,3,1,0,0,1,0,1,2,Centro,1392.1560738845
7834,1,3,1,1 Persona,1,0,1,0,0,0,0,0,2,2,Oeste,156.873919698
7836,1,3,1,1 Persona,1,0,1,0,0,0,0,0,2,2,Oeste,85.8366730423
7837,1,1,3,3 o 4 Personas,3,0,3,0,0,0,0,0,2,2,Este,170.2885241564
7842,1,3,1,1 Persona,1,0,1,0,0,0,0,0,2,2,Oeste,883.5257552801
7850,1,3,2,2 Personas,2,0,2,0,0,0,0,0,2,2,Oeste,1086.5880431727
7851,1,3,1,1 Persona,1,0,1,1,0,0,1,1,2,2,Oeste,1669.3752964086
7853,1,3,1,1 Persona,1,0,1,0,0,0,0,0,2,2,Oeste,174.6332313619
7854,1,4,2,2 Personas,2,1,1,1,0,0,1,1,1,2,Centro,607.38349272
8005,1,1,4,5 o mas Personas,6,0,6,0,1,1,2,1,1,1,Oeste,274.3438753206
8006,1,2,1,1 Persona,1,0,1,0,0,0,0,2,2,2,Este,226.4725752206
8007,1,2,2,2 Personas,2,0,2,0,1,0,1,2,2,2,Este,192.312128945
8008,1,2,2,2 Personas,2,0,2,1,0,0,1,0,1,2,Este,174.5991697001
8013,1,2,2,2 Personas,2,0,2,0,0,0,0,0,2,2,Este,141.7036739595
8014,1,1,3,3 o 4 Personas,4,0,4,0,0,0,0,1,2,2,Oeste,604.395565029
8015,1,1,4,5 o mas Personas,6,0,6,0,1,0,1,0,2,2,Este,290.7448678669
8016,1,2,2,2 Personas,2,0,2,0,0,0,0,0,2,2,Oeste,121.4602919653
8018,1,1,3,3 o 4 Personas,3,0,3,0,0,0,0,0,2,2,Oeste,107.2187003948
8019,1,2,2,2 Personas,2,0,2,0,0,0,0,0,2,2,Oeste,220.146779187
8020,1,1,3,3 o 4 Personas,3,0,3,0,0,0,0,0,2,2,Oeste,955.5078299886
8021,1,2,3,3 o 4 Personas,4,0,4,0,1,0,1,1,2,2,Oeste,344.8757114704
8034,1,1,3,3 o 4 Personas,3,0,3,1,0,0,1,1,1,2,Este,208.1304184134
8086,1,4,2,2 Personas,2,0,2,0,0,0,0,1,2,2,Centro,280.8332278168
8032,1,2,2,2 Personas,2,0,2,0,0,0,0,0,2,2,Centro,1138.6902371744
8033,1,2,2,2 Personas,2,0,2,1,0,0,1,2,1,2,Este,690.8054105525
8037,1,2,3,3 o 4 Personas,4,0,4,1,0,0,1,1,1,2,Centro,1024.4837311327
8038,1,1,3,3 o 4 Personas,3,0,3,0,0,0,0,0,2,2,Este,302.7351540558
8040,1,3,2,2 Personas,2,0,2,2,0,0,2,2,1,2,Este,127.4056332028
8041,1,2,1,1 Persona,1,0,1,0,0,0,0,1,2,2,Centro,261.7016424772
8043,1,3,2,2 Personas,2,0,2,1,0,0,1,0,1,2,Centro,422.2586700437
8054,1,2,1,1 Persona,1,0,1,0,0,0,0,0,2,2,Centro,528.4360088481
8055,1,3,1,1 Persona,1,0,1,0,0,0,0,0,2,2,Centro,343.3466921691
8056,1,3,2,2 Personas,2,0,2,0,0,0,0,0,2,2,Centro,516.9028547086
8072,1,2,4,5 o mas Personas,8,1,7,0,1,0,1,1,2,1,Este,456.5635206308
8088,3,10,4,5 o mas Personas,5,0,5,1,1,0,2,1,2,1,,1190.3645689749
8089,3,5,4,5 o mas Personas,5,0,5,0,0,0,0,1,2,2,,187.9523003645
8090,16,48,3,3 o 4 Personas,4,0,4,0,0,1,1,0,1,2,,379.2426890388
8091,1,4,1,1 Persona,1,0,1,1,0,0,1,1,2,2,Este,133.4101778669
8092,1,4,2,2 Personas,2,0,2,0,0,0,0,1,2,2,Este,111.0270900671
7915,1,1,3,3 o 4 Personas,4,0,4,0,0,0,0,0,2,2,Oeste,2986.4251448493
7920,1,2,2,2 Personas,2,0,2,0,0,0,0,1,1,2,Oeste,94.8908530979
7921,1,1,4,5 o mas Personas,5,1,4,0,0,0,0,1,2,2,Oeste,245.8763931898
7933,3,5,2,2 Personas,2,0,2,0,0,0,0,0,2,2,,3755.8023866907
7935,1,2,1,1 Persona,1,0,1,0,0,0,0,1,1,2,Oeste,135.8835451324
7936,1,1,2,2 Personas,2,0,2,0,0,0,0,0,2,2,Oeste,149.6931022943
7937,1,3,1,1 Persona,1,0,1,0,1,0,1,0,1,2,Oeste,941.2435181878
7938,1,1,3,3 o 4 Personas,4,1,3,0,1,0,1,1,2,2,Este,97.7698708135
7940,3,5,3,3 o 4 Personas,3,0,3,0,0,0,0,0,2,1,,282.9827366836
7941,1,1,1,1 Persona,1,0,1,0,1,0,1,0,2,2,Oeste,408.9689267116
7943,1,1,4,5 o mas Personas,6,1,5,0,0,0,0,1,2,1,Este,116.2979471468
7945,1,2,2,2 Personas,2,0,2,1,0,0,1,1,1,1,Oeste,94.8908530979
7946,1,1,4,5 o mas Personas,5,0,5,0,0,1,1,0,1,2,Este,173.5598069575
7947,1,2,2,2 Personas,2,0,2,0,0,0,0,0,2,2,Este,101.2169099711
7948,1,1,2,2 Personas,2,0,2,1,0,0,1,1,2,1,Este,190.2349841656
7952,1,1,4,5 o mas Personas,6,2,4,0,0,0,0,2,2,2,Este,286.2718698998
7953,1,2,3,3 o 4 Personas,4,1,3,1,1,0,2,0,1,2,Este,101.4340327854
8022,1,2,2,2 Personas,2,0,2,0,1,0,1,0,2,1,Oeste,220.146779187
8023,1,1,2,2 Personas,2,0,2,0,1,0,1,0,2,2,Oeste,53.0163070625
8030,1,3,1,1 Persona,1,0,1,0,0,0,0,0,2,2,Centro,388.9289254399
8031,1,3,4,5 o mas Personas,6,0,6,0,0,0,0,0,2,2,Centro,3484.658913312
8046,1,1,4,5 o mas Personas,5,0,5,2,0,0,2,2,1,2,Este,433.8995173938
8047,1,2,4,5 o mas Personas,5,0,5,0,1,0,1,5,2,1,Este,318.7607991466
8073,1,1,3,3 o 4 Personas,4,1,3,0,0,0,0,0,2,2,Este,456.2593971298
8074,3,5,4,5 o mas Personas,5,0,5,0,0,0,0,0,2,2,,908.4361184282
8093,1,2,2,2 Personas,2,0,2,0,0,0,0,0,2,2,Centro,389.6851033886
8096,1,4,1,1 Persona,1,0,1,0,0,0,0,1,2,2,Centro,600.3458004009
8097,1,2,3,3 o 4 Personas,4,0,4,0,2,0,2,0,2,2,Oeste,256.9662163897
8048,1,3,2,2 Personas,2,0,2,0,0,0,0,0,2,2,Centro,422.2586700437
8049,1,2,1,1 Persona,1,0,1,0,0,0,0,0,2,2,Centro,1117.2647044218
8050,1,2,1,1 Persona,1,0,1,0,0,0,0,0,2,2,Centro,226.4725752206
8051,1,2,2,2 Personas,2,0,2,0,0,0,0,0,2,2,Centro,1093.1426276874
8052,1,2,3,3 o 4 Personas,3,0,3,1,0,0,1,0,1,2,Centro,987.990243597
8053,1,2,3,3 o 4 Personas,4,0,4,1,1,0,2,1,1,1,Este,324.5889049133
8057,1,2,2,2 Personas,2,0,2,0,0,0,0,0,2,2,Centro,1123.5077006787
8058,1,3,2,2 Personas,2,0,2,0,1,0,1,0,2,1,Centro,516.9028547086
8059,1,4,1,1 Persona,1,0,1,1,0,0,1,0,2,2,Centro,254.9616732567
8060,1,3,1,1 Persona,1,0,1,0,0,0,0,0,2,2,Centro,1118.8366348271
8061,1,1,4,5 o mas Personas,5,0,5,3,1,0,4,4,1,1,Este,1137.7809567214
8062,1,2,3,3 o 4 Personas,4,0,4,0,0,0,0,0,2,2,Centro,263.7284852421
8063,1,3,1,1 Persona,1,0,1,0,0,0,0,0,2,2,Centro,408.4641682702
8064,1,2,3,3 o 4 Personas,4,0,4,0,0,0,0,0,2,2,Centro,1460.65007211
8065,1,2,3,3 o 4 Personas,3,0,3,0,0,0,0,0,2,2,Centro,389.2082777806
8124,1,4,2,2 Personas,2,0,2,1,0,0,1,1,1,2,Este,315.6652560731
8125,3,5,3,3 o 4 Personas,4,0,4,1,0,1,2,2,1,2,,503.8360518757
8126,1,4,3,3 o 4 Personas,4,0,4,1,0,0,1,1,1,2,Este,123.7404197182
8131,3,5,4,5 o mas Personas,5,1,4,0,0,0,0,1,2,2,,563.8569010934
8132,3,9,3,3 o 4 Personas,3,1,2,0,1,0,1,1,2,1,,357.4518779161
8136,3,5,1,1 Persona,1,0,1,1,0,0,1,1,1,1,,190.2894037524
8142,1,2,4,5 o mas Personas,6,1,5,1,1,0,2,2,2,2,Este,660.3865209124
8154,3,5,4,5 o mas Personas,6,0,6,1,1,0,2,0,1,2,,789.6439317008
7949,1,1,3,3 o 4 Personas,4,0,4,1,0,0,1,1,2,2,Oeste,242.9433153548
7951,1,1,4,5 o mas Personas,7,1,6,0,0,0,0,0,2,2,Este,304.1638617685
7959,1,3,2,2 Personas,2,0,2,0,0,0,0,1,2,2,Este,127.4056332028
7961,1,1,1,1 Persona,1,0,1,0,0,0,0,0,2,2,Este,206.6369313911
7962,1,1,3,3 o 4 Personas,4,0,4,0,0,0,0,1,2,2,Oeste,444.4085036978
7963,3,9,3,3 o 4 Personas,4,0,4,1,1,0,2,2,1,1,,394.306475381
7965,3,5,4,5 o mas Personas,6,1,5,0,0,0,0,0,2,1,,419.498338716
7969,1,2,4,5 o mas Personas,5,0,5,0,0,0,0,1,2,2,Este,358.60589904
7971,1,1,4,5 o mas Personas,14,2,12,0,0,0,0,5,2,2,Este,459.2277912975
7972,1,1,1,1 Persona,1,0,1,0,0,0,0,0,2,2,Este,529.5071366897
8094,1,3,3,3 o 4 Personas,4,0,4,0,0,0,0,1,2,2,Centro,384.9905859284
8095,1,4,1,1 Persona,1,0,1,0,0,0,0,3,2,2,Centro,362.430983205
8098,3,5,4,5 o mas Personas,5,0,5,0,0,0,0,0,2,2,,469.8807509111
8099,1,4,2,2 Personas,2,0,2,1,0,0,1,1,1,2,Centro,182.8681483458
8100,1,1,4,5 o mas Personas,8,0,8,0,1,0,1,1,1,1,Oeste,903.5455893711
8101,3,5,3,3 o 4 Personas,3,0,3,0,0,0,0,0,2,2,,327.6642214231
8102,1,1,4,5 o mas Personas,6,1,5,1,0,0,1,0,1,2,Oeste,483.0837804558
8103,1,3,3,3 o 4 Personas,3,0,3,0,2,0,2,2,2,1,Este,160.3978581399
8105,3,5,3,3 o 4 Personas,4,0,4,0,2,0,2,2,2,1,,722.8952048651
8106,1,1,2,2 Personas,2,0,2,0,0,0,0,0,1,2,Oeste,252.6071101216
8110,1,1,2,2 Personas,2,0,2,0,0,0,0,0,2,1,Oeste,252.6071101216
8111,3,5,1,1 Persona,1,0,1,0,0,0,0,2,2,2,,402.9657961815
8112,3,5,3,3 o 4 Personas,4,1,3,1,0,0,1,1,1,2,,1248.6371720397
8113,1,1,3,3 o 4 Personas,3,0,3,1,0,0,1,2,1,2,Oeste,37.841894257
8114,1,1,1,1 Persona,1,0,1,0,0,0,0,0,2,2,Oeste,322.8702052986
8116,1,1,3,3 o 4 Personas,3,0,3,0,0,0,0,0,2,2,Oeste,290.1211893035
8117,1,1,1,1 Persona,1,0,1,0,1,0,1,0,2,1,Este,206.6369313911
8118,3,5,1,1 Persona,1,0,1,1,0,0,1,1,2,2,,335.8048301513
8119,3,5,4,5 o mas Personas,5,1,4,0,0,0,0,0,2,2,,2318.0783711616
8120,3,5,1,1 Persona,1,0,1,0,0,0,0,1,2,2,,313.4178414745
8121,1,3,3,3 o 4 Personas,4,0,4,0,1,1,2,0,1,1,Este,206.2449567474
8122,1,4,2,2 Personas,2,0,2,1,0,0,1,0,1,2,Este,127.3546033123
8127,1,3,3,3 o 4 Personas,3,0,3,0,0,0,0,0,2,1,Este,600.4637766265
8128,1,4,2,2 Personas,2,0,2,0,0,0,0,0,2,2,Este,54.4250441505
8130,3,5,4,5 o mas Personas,8,3,5,0,0,0,0,0,2,2,,690.9384402382
8168,3,5,4,5 o mas Personas,5,0,5,2,0,0,2,0,1,2,,1002.4122686104
8179,1,3,4,5 o mas Personas,6,0,6,0,1,0,1,0,2,2,Centro,1298.6306509237
8180,1,2,1,1 Persona,1,0,1,0,0,0,0,0,2,2,Centro,317.0616053089
8181,1,3,3,3 o 4 Personas,4,0,4,0,0,0,0,0,2,2,Centro,907.4778096884
8182,3,9,1,1 Persona,1,0,1,0,0,0,0,0,2,2,,291.0308527978
8183,1,4,2,2 Personas,2,0,2,1,0,0,1,3,1,2,Este,124.0891006632
7895,3,5,3,3 o 4 Personas,3,0,3,1,0,1,2,0,1,1,,357.4518779161
7896,1,4,2,2 Personas,2,0,2,0,0,0,0,0,2,2,Centro,228.5851854322
7897,1,3,3,3 o 4 Personas,4,0,4,1,0,0,1,1,1,1,Centro,494.9878961937
7900,3,5,3,3 o 4 Personas,4,0,4,0,0,0,0,0,2,2,,985.7661884524
7905,3,5,1,1 Persona,1,0,1,0,0,0,0,0,2,2,,582.0617055956
7909,3,5,3,3 o 4 Personas,3,0,3,0,0,0,0,0,2,1,,446.8148473951
7913,1,3,3,3 o 4 Personas,4,0,4,0,1,0,1,0,2,2,Oeste,1457.4643610147
7974,1,2,3,3 o 4 Personas,4,1,3,0,0,0,0,0,2,2,Este,892.6194885117
7975,3,5,4,5 o mas Personas,7,0,7,0,0,0,0,20,2,2,,1036.4076603573
7976,1,1,4,5 o mas Personas,6,1,5,0,0,0,0,0,2,2,Este,679.8956910119
7981,3,5,3,3 o 4 Personas,3,0,3,1,0,0,1,1,1,1,,248.2304707751
7982,1,1,4,5 o mas Personas,11,0,11,0,0,0,0,0,2,2,Este,232.5958942936
7983,1,1,4,5 o mas Personas,5,0,5,0,1,0,1,0,2,1,Este,925.6523037734
7984,3,5,2,2 Personas,2,0,2,1,0,0,1,1,1,2,,586.8441229204
7985,1,2,4,5 o mas Personas,6,0,6,1,0,0,1,0,1,2,Este,2714.9223637509
7986,1,3,4,5 o mas Personas,9,0,9,0,0,0,0,0,2,2,Este,779.1783905542
7987,1,2,3,3 o 4 Personas,3,0,3,0,0,0,0,1,2,2,Este,1021.6717291742
7988,1,2,1,1 Persona,1,0,1,0,0,0,0,0,2,2,Centro,1117.2647044218
7989,1,2,1,1 Persona,1,0,1,0,0,0,0,0,2,2,Centro,807.7521849536
7990,1,2,2,2 Personas,2,0,2,1,0,0,1,1,1,1,Centro,258.1031204262
7991,1,3,2,2 Personas,2,0,2,1,0,0,1,0,2,2,Centro,422.2586700437
7995,1,1,3,3 o 4 Personas,4,0,4,1,1,0,2,1,1,1,Oeste,746.6062862123
7996,1,1,1,1 Persona,1,0,1,0,1,0,1,1,2,1,Este,193.7221231792
7997,1,2,1,1 Persona,1,0,1,0,0,0,0,4,2,2,Este,173.6289743358
8076,1,2,3,3 o 4 Personas,3,0,3,1,0,0,1,0,2,2,Este,718.5383589796
8077,1,3,2,2 Personas,2,0,2,0,0,0,0,0,2,2,Centro,127.4056332028
8078,1,4,1,1 Persona,1,0,1,1,0,0,1,1,1,2,Este,75.5991007912
8079,1,3,1,1 Persona,1,0,1,0,0,0,0,0,2,2,Centro,266.3896749588
8080,1,3,1,1 Persona,1,0,1,0,0,0,0,0,2,2,Centro,541.6590057496
8081,3,9,3,3 o 4 Personas,4,0,4,0,1,0,1,2,2,1,,591.4597130714
8083,3,5,3,3 o 4 Personas,3,0,3,2,0,0,2,2,1,2,,744.6914123252
8085,3,5,4,5 o mas Personas,6,0,6,0,0,0,0,1,1,2,,394.8219658504
7979,3,5,3,3 o 4 Personas,3,0,3,2,0,0,2,2,1,2,,253.1950801906
7980,1,2,4,5 o mas Personas,5,1,4,0,0,0,0,0,2,2,Este,785.5176836113
7992,1,1,1,1 Persona,1,0,1,0,0,0,0,0,2,2,Este,529.5071366897
7993,1,2,2,2 Personas,2,0,2,0,0,0,0,0,2,2,Este,485.8411678611
7994,1,2,2,2 Personas,2,0,2,1,0,0,1,1,2,2,Este,242.9205839305
8024,1,1,3,3 o 4 Personas,4,0,4,1,0,0,1,0,2,1,Oeste,373.3031431062
8025,1,1,4,5 o mas Personas,7,1,6,0,0,0,0,0,2,2,Oeste,375.7318292434
8026,1,1,1,1 Persona,1,0,1,0,1,0,1,1,2,2,Oeste,942.7809994719
8027,1,1,3,3 o 4 Personas,3,0,3,0,1,0,1,0,2,1,Oeste,290.1211893035
8028,1,3,3,3 o 4 Personas,3,0,3,1,0,0,1,1,1,2,Centro,567.5616518798
8029,1,3,2,2 Personas,2,0,2,0,0,0,0,0,2,2,Centro,478.3171486529
8282,3,9,3,3 o 4 Personas,4,0,4,0,0,0,0,0,2,2,,328.5887294841
8284,1,4,1,1 Persona,1,0,1,0,0,0,0,0,2,2,Este,226.7973023737
